エリア,対象分類,date,visitors
千代田区,住人,2020-02-02,54900
千代田区,住人,2020-02-03,54900
千代田区,住人,2020-02-04,54900
千代田区,住人,2020-02-05,54900
千代田区,住人,2020-02-06,54900
千代田区,住人,2020-02-07,54900
千代田区,住人,2020-02-08,54900
千代田区,住人,2020-02-09,54900
千代田区,住人,2020-02-10,54900
千代田区,住人,2020-02-11,54900
千代田区,住人,2020-02-12,54900
千代田区,住人,2020-02-13,54900
千代田区,住人,2020-02-14,54900
千代田区,住人,2020-02-15,54900
千代田区,住人,2020-02-16,54900
千代田区,住人,2020-02-17,54900
千代田区,住人,2020-02-18,54900
千代田区,住人,2020-02-19,54900
千代田区,住人,2020-02-20,54900
千代田区,住人,2020-02-21,54900
千代田区,住人,2020-02-22,54900
千代田区,住人,2020-02-23,54900
千代田区,住人,2020-02-24,54900
千代田区,住人,2020-02-25,54900
千代田区,住人,2020-02-26,54900
千代田区,住人,2020-02-27,54900
千代田区,住人,2020-02-28,54900
千代田区,住人,2020-03-01,54900
千代田区,住人,2020-03-02,54900
千代田区,来訪者,2020-02-02,400000
千代田区,来訪者,2020-02-03,302000
千代田区,来訪者,2020-02-04,974000
千代田区,来訪者,2020-02-05,985000
千代田区,来訪者,2020-02-06,977000
千代田区,来訪者,2020-02-07,989000
千代田区,来訪者,2020-02-08,987000
千代田区,来訪者,2020-02-09,399000
千代田区,来訪者,2020-02-10,302000
千代田区,来訪者,2020-02-11,904000
千代田区,来訪者,2020-02-12,345000
千代田区,来訪者,2020-02-13,980000
千代田区,来訪者,2020-02-14,987000
千代田区,来訪者,2020-02-15,995000
千代田区,来訪者,2020-02-16,404000
千代田区,来訪者,2020-02-17,282000
千代田区,来訪者,2020-02-18,969000
千代田区,来訪者,2020-02-19,970000
千代田区,来訪者,2020-02-20,960000
千代田区,来訪者,2020-02-21,970000
千代田区,来訪者,2020-02-22,968000
千代田区,来訪者,2020-02-23,379000
千代田区,来訪者,2020-02-24,291000
千代田区,来訪者,2020-02-25,299000
千代田区,来訪者,2020-02-26,957000
千代田区,来訪者,2020-02-27,949000
千代田区,来訪者,2020-02-28,937000
千代田区,来訪者,2020-03-01,932000
千代田区,来訪者,2020-03-02,329000
中央区,住人,2020-02-02,151000
中央区,住人,2020-02-03,151000
中央区,住人,2020-02-04,151000
中央区,住人,2020-02-05,151000
中央区,住人,2020-02-06,151000
中央区,住人,2020-02-07,151000
中央区,住人,2020-02-08,151000
中央区,住人,2020-02-09,151000
中央区,住人,2020-02-10,151000
中央区,住人,2020-02-11,151000
中央区,住人,2020-02-12,151000
中央区,住人,2020-02-13,151000
中央区,住人,2020-02-14,151000
中央区,住人,2020-02-15,151000
中央区,住人,2020-02-16,151000
中央区,住人,2020-02-17,151000
中央区,住人,2020-02-18,151000
中央区,住人,2020-02-19,151000
中央区,住人,2020-02-20,151000
中央区,住人,2020-02-21,151000
中央区,住人,2020-02-22,151000
中央区,住人,2020-02-23,151000
中央区,住人,2020-02-24,151000
中央区,住人,2020-02-25,151000
中央区,住人,2020-02-26,151000
中央区,住人,2020-02-27,151000
中央区,住人,2020-02-28,151000
中央区,住人,2020-03-01,151000
中央区,住人,2020-03-02,151000
中央区,来訪者,2020-02-02,290000
中央区,来訪者,2020-02-03,216000
中央区,来訪者,2020-02-04,698000
中央区,来訪者,2020-02-05,706000
中央区,来訪者,2020-02-06,701000
中央区,来訪者,2020-02-07,710000
中央区,来訪者,2020-02-08,712000
中央区,来訪者,2020-02-09,289000
中央区,来訪者,2020-02-10,219000
中央区,来訪者,2020-02-11,642000
中央区,来訪者,2020-02-12,243000
中央区,来訪者,2020-02-13,702000
中央区,来訪者,2020-02-14,712000
中央区,来訪者,2020-02-15,717000
中央区,来訪者,2020-02-16,293000
中央区,来訪者,2020-02-17,205000
中央区,来訪者,2020-02-18,697000
中央区,来訪者,2020-02-19,698000
中央区,来訪者,2020-02-20,687000
中央区,来訪者,2020-02-21,696000
中央区,来訪者,2020-02-22,698000
中央区,来訪者,2020-02-23,279000
中央区,来訪者,2020-02-24,213000
中央区,来訪者,2020-02-25,220000
中央区,来訪者,2020-02-26,690000
中央区,来訪者,2020-02-27,684000
中央区,来訪者,2020-02-28,674000
中央区,来訪者,2020-03-01,669000
中央区,来訪者,2020-03-02,242000
港区,住人,2020-02-02,238000
港区,住人,2020-02-03,238000
港区,住人,2020-02-04,238000
港区,住人,2020-02-05,238000
港区,住人,2020-02-06,238000
港区,住人,2020-02-07,238000
港区,住人,2020-02-08,238000
港区,住人,2020-02-09,238000
港区,住人,2020-02-10,238000
港区,住人,2020-02-11,238000
港区,住人,2020-02-12,238000
港区,住人,2020-02-13,238000
港区,住人,2020-02-14,238000
港区,住人,2020-02-15,238000
港区,住人,2020-02-16,238000
港区,住人,2020-02-17,238000
港区,住人,2020-02-18,238000
港区,住人,2020-02-19,238000
港区,住人,2020-02-20,238000
港区,住人,2020-02-21,238000
港区,住人,2020-02-22,238000
港区,住人,2020-02-23,238000
港区,住人,2020-02-24,238000
港区,住人,2020-02-25,238000
港区,住人,2020-02-26,238000
港区,住人,2020-02-27,238000
港区,住人,2020-02-28,238000
港区,住人,2020-03-01,238000
港区,住人,2020-03-02,238000
港区,来訪者,2020-02-02,377000
港区,来訪者,2020-02-03,279000
港区,来訪者,2020-02-04,882000
港区,来訪者,2020-02-05,897000
港区,来訪者,2020-02-06,888000
港区,来訪者,2020-02-07,902000
港区,来訪者,2020-02-08,901000
港区,来訪者,2020-02-09,376000
港区,来訪者,2020-02-10,276000
港区,来訪者,2020-02-11,812000
港区,来訪者,2020-02-12,318000
港区,来訪者,2020-02-13,890000
港区,来訪者,2020-02-14,901000
港区,来訪者,2020-02-15,906000
港区,来訪者,2020-02-16,379000
港区,来訪者,2020-02-17,260000
港区,来訪者,2020-02-18,881000
港区,来訪者,2020-02-19,884000
港区,来訪者,2020-02-20,873000
港区,来訪者,2020-02-21,880000
港区,来訪者,2020-02-22,882000
港区,来訪者,2020-02-23,355000
港区,来訪者,2020-02-24,273000
港区,来訪者,2020-02-25,285000
港区,来訪者,2020-02-26,871000
港区,来訪者,2020-02-27,872000
港区,来訪者,2020-02-28,856000
港区,来訪者,2020-03-01,848000
港区,来訪者,2020-03-02,311000
新宿区,住人,2020-02-02,327000
新宿区,住人,2020-02-03,327000
新宿区,住人,2020-02-04,327000
新宿区,住人,2020-02-05,327000
新宿区,住人,2020-02-06,327000
新宿区,住人,2020-02-07,327000
新宿区,住人,2020-02-08,327000
新宿区,住人,2020-02-09,327000
新宿区,住人,2020-02-10,327000
新宿区,住人,2020-02-11,327000
新宿区,住人,2020-02-12,327000
新宿区,住人,2020-02-13,327000
新宿区,住人,2020-02-14,327000
新宿区,住人,2020-02-15,327000
新宿区,住人,2020-02-16,327000
新宿区,住人,2020-02-17,327000
新宿区,住人,2020-02-18,327000
新宿区,住人,2020-02-19,327000
新宿区,住人,2020-02-20,327000
新宿区,住人,2020-02-21,327000
新宿区,住人,2020-02-22,327000
新宿区,住人,2020-02-23,327000
新宿区,住人,2020-02-24,327000
新宿区,住人,2020-02-25,327000
新宿区,住人,2020-02-26,327000
新宿区,住人,2020-02-27,327000
新宿区,住人,2020-02-28,327000
新宿区,住人,2020-03-01,327000
新宿区,住人,2020-03-02,327000
新宿区,来訪者,2020-02-02,364000
新宿区,来訪者,2020-02-03,283000
新宿区,来訪者,2020-02-04,646000
新宿区,来訪者,2020-02-05,653000
新宿区,来訪者,2020-02-06,644000
新宿区,来訪者,2020-02-07,652000
新宿区,来訪者,2020-02-08,658000
新宿区,来訪者,2020-02-09,356000
新宿区,来訪者,2020-02-10,277000
新宿区,来訪者,2020-02-11,614000
新宿区,来訪者,2020-02-12,306000
新宿区,来訪者,2020-02-13,644000
新宿区,来訪者,2020-02-14,648000
新宿区,来訪者,2020-02-15,663000
新宿区,来訪者,2020-02-16,362000
新宿区,来訪者,2020-02-17,268000
新宿区,来訪者,2020-02-18,640000
新宿区,来訪者,2020-02-19,642000
新宿区,来訪者,2020-02-20,632000
新宿区,来訪者,2020-02-21,641000
新宿区,来訪者,2020-02-22,645000
新宿区,来訪者,2020-02-23,345000
新宿区,来訪者,2020-02-24,273000
新宿区,来訪者,2020-02-25,276000
新宿区,来訪者,2020-02-26,636000
新宿区,来訪者,2020-02-27,630000
新宿区,来訪者,2020-02-28,622000
新宿区,来訪者,2020-03-01,624000
新宿区,来訪者,2020-03-02,308000
文京区,住人,2020-02-02,212000
文京区,住人,2020-02-03,212000
文京区,住人,2020-02-04,212000
文京区,住人,2020-02-05,212000
文京区,住人,2020-02-06,212000
文京区,住人,2020-02-07,212000
文京区,住人,2020-02-08,212000
文京区,住人,2020-02-09,212000
文京区,住人,2020-02-10,212000
文京区,住人,2020-02-11,212000
文京区,住人,2020-02-12,212000
文京区,住人,2020-02-13,212000
文京区,住人,2020-02-14,212000
文京区,住人,2020-02-15,212000
文京区,住人,2020-02-16,212000
文京区,住人,2020-02-17,212000
文京区,住人,2020-02-18,212000
文京区,住人,2020-02-19,212000
文京区,住人,2020-02-20,212000
文京区,住人,2020-02-21,212000
文京区,住人,2020-02-22,212000
文京区,住人,2020-02-23,212000
文京区,住人,2020-02-24,212000
文京区,住人,2020-02-25,212000
文京区,住人,2020-02-26,212000
文京区,住人,2020-02-27,212000
文京区,住人,2020-02-28,212000
文京区,住人,2020-03-01,212000
文京区,住人,2020-03-02,212000
文京区,来訪者,2020-02-02,227000
文京区,来訪者,2020-02-03,180000
文京区,来訪者,2020-02-04,382000
文京区,来訪者,2020-02-05,389000
文京区,来訪者,2020-02-06,387000
文京区,来訪者,2020-02-07,389000
文京区,来訪者,2020-02-08,394000
文京区,来訪者,2020-02-09,225000
文京区,来訪者,2020-02-10,178000
文京区,来訪者,2020-02-11,365000
文京区,来訪者,2020-02-12,195000
文京区,来訪者,2020-02-13,383000
文京区,来訪者,2020-02-14,389000
文京区,来訪者,2020-02-15,397000
文京区,来訪者,2020-02-16,231000
文京区,来訪者,2020-02-17,169000
文京区,来訪者,2020-02-18,377000
文京区,来訪者,2020-02-19,380000
文京区,来訪者,2020-02-20,378000
文京区,来訪者,2020-02-21,379000
文京区,来訪者,2020-02-22,384000
文京区,来訪者,2020-02-23,214000
文京区,来訪者,2020-02-24,173000
文京区,来訪者,2020-02-25,172000
文京区,来訪者,2020-02-26,372000
文京区,来訪者,2020-02-27,371000
文京区,来訪者,2020-02-28,365000
文京区,来訪者,2020-03-01,369000
文京区,来訪者,2020-03-02,190000
台東区,住人,2020-02-02,190000
台東区,住人,2020-02-03,190000
台東区,住人,2020-02-04,190000
台東区,住人,2020-02-05,190000
台東区,住人,2020-02-06,190000
台東区,住人,2020-02-07,190000
台東区,住人,2020-02-08,190000
台東区,住人,2020-02-09,190000
台東区,住人,2020-02-10,190000
台東区,住人,2020-02-11,190000
台東区,住人,2020-02-12,190000
台東区,住人,2020-02-13,190000
台東区,住人,2020-02-14,190000
台東区,住人,2020-02-15,190000
台東区,住人,2020-02-16,190000
台東区,住人,2020-02-17,190000
台東区,住人,2020-02-18,190000
台東区,住人,2020-02-19,190000
台東区,住人,2020-02-20,190000
台東区,住人,2020-02-21,190000
台東区,住人,2020-02-22,190000
台東区,住人,2020-02-23,190000
台東区,住人,2020-02-24,190000
台東区,住人,2020-02-25,190000
台東区,住人,2020-02-26,190000
台東区,住人,2020-02-27,190000
台東区,住人,2020-02-28,190000
台東区,住人,2020-03-01,190000
台東区,住人,2020-03-02,190000
台東区,来訪者,2020-02-02,185000
台東区,来訪者,2020-02-03,147000
台東区,来訪者,2020-02-04,301000
台東区,来訪者,2020-02-05,309000
台東区,来訪者,2020-02-06,306000
台東区,来訪者,2020-02-07,306000
台東区,来訪者,2020-02-08,312000
台東区,来訪者,2020-02-09,181000
台東区,来訪者,2020-02-10,147000
台東区,来訪者,2020-02-11,291000
台東区,来訪者,2020-02-12,160000
台東区,来訪者,2020-02-13,306000
台東区,来訪者,2020-02-14,311000
台東区,来訪者,2020-02-15,318000
台東区,来訪者,2020-02-16,187000
台東区,来訪者,2020-02-17,137000
台東区,来訪者,2020-02-18,301000
台東区,来訪者,2020-02-19,302000
台東区,来訪者,2020-02-20,300000
台東区,来訪者,2020-02-21,303000
台東区,来訪者,2020-02-22,307000
台東区,来訪者,2020-02-23,176000
台東区,来訪者,2020-02-24,145000
台東区,来訪者,2020-02-25,143000
台東区,来訪者,2020-02-26,296000
台東区,来訪者,2020-02-27,295000
台東区,来訪者,2020-02-28,291000
台東区,来訪者,2020-03-01,294000
台東区,来訪者,2020-03-02,155000
墨田区,住人,2020-02-02,262000
墨田区,住人,2020-02-03,262000
墨田区,住人,2020-02-04,262000
墨田区,住人,2020-02-05,262000
墨田区,住人,2020-02-06,262000
墨田区,住人,2020-02-07,262000
墨田区,住人,2020-02-08,262000
墨田区,住人,2020-02-09,262000
墨田区,住人,2020-02-10,262000
墨田区,住人,2020-02-11,262000
墨田区,住人,2020-02-12,262000
墨田区,住人,2020-02-13,262000
墨田区,住人,2020-02-14,262000
墨田区,住人,2020-02-15,262000
墨田区,住人,2020-02-16,262000
墨田区,住人,2020-02-17,262000
墨田区,住人,2020-02-18,262000
墨田区,住人,2020-02-19,262000
墨田区,住人,2020-02-20,262000
墨田区,住人,2020-02-21,262000
墨田区,住人,2020-02-22,262000
墨田区,住人,2020-02-23,262000
墨田区,住人,2020-02-24,262000
墨田区,住人,2020-02-25,262000
墨田区,住人,2020-02-26,262000
墨田区,住人,2020-02-27,262000
墨田区,住人,2020-02-28,262000
墨田区,住人,2020-03-01,262000
墨田区,住人,2020-03-02,262000
墨田区,来訪者,2020-02-02,143000
墨田区,来訪者,2020-02-03,118000
墨田区,来訪者,2020-02-04,216000
墨田区,来訪者,2020-02-05,218000
墨田区,来訪者,2020-02-06,220000
墨田区,来訪者,2020-02-07,219000
墨田区,来訪者,2020-02-08,221000
墨田区,来訪者,2020-02-09,140000
墨田区,来訪者,2020-02-10,117000
墨田区,来訪者,2020-02-11,209000
墨田区,来訪者,2020-02-12,123000
墨田区,来訪者,2020-02-13,217000
墨田区,来訪者,2020-02-14,220000
墨田区,来訪者,2020-02-15,224000
墨田区,来訪者,2020-02-16,143000
墨田区,来訪者,2020-02-17,107000
墨田区,来訪者,2020-02-18,216000
墨田区,来訪者,2020-02-19,216000
墨田区,来訪者,2020-02-20,215000
墨田区,来訪者,2020-02-21,216000
墨田区,来訪者,2020-02-22,219000
墨田区,来訪者,2020-02-23,135000
墨田区,来訪者,2020-02-24,116000
墨田区,来訪者,2020-02-25,114000
墨田区,来訪者,2020-02-26,213000
墨田区,来訪者,2020-02-27,211000
墨田区,来訪者,2020-02-28,210000
墨田区,来訪者,2020-03-01,210000
墨田区,来訪者,2020-03-02,124000
江東区,住人,2020-02-02,500000
江東区,住人,2020-02-03,500000
江東区,住人,2020-02-04,500000
江東区,住人,2020-02-05,500000
江東区,住人,2020-02-06,500000
江東区,住人,2020-02-07,500000
江東区,住人,2020-02-08,500000
江東区,住人,2020-02-09,500000
江東区,住人,2020-02-10,500000
江東区,住人,2020-02-11,500000
江東区,住人,2020-02-12,500000
江東区,住人,2020-02-13,500000
江東区,住人,2020-02-14,500000
江東区,住人,2020-02-15,500000
江東区,住人,2020-02-16,500000
江東区,住人,2020-02-17,500000
江東区,住人,2020-02-18,500000
江東区,住人,2020-02-19,500000
江東区,住人,2020-02-20,500000
江東区,住人,2020-02-21,500000
江東区,住人,2020-02-22,500000
江東区,住人,2020-02-23,500000
江東区,住人,2020-02-24,500000
江東区,住人,2020-02-25,500000
江東区,住人,2020-02-26,500000
江東区,住人,2020-02-27,500000
江東区,住人,2020-02-28,500000
江東区,住人,2020-03-01,500000
江東区,住人,2020-03-02,500000
江東区,来訪者,2020-02-02,202000
江東区,来訪者,2020-02-03,155000
江東区,来訪者,2020-02-04,372000
江東区,来訪者,2020-02-05,376000
江東区,来訪者,2020-02-06,377000
江東区,来訪者,2020-02-07,381000
江東区,来訪者,2020-02-08,380000
江東区,来訪者,2020-02-09,198000
江東区,来訪者,2020-02-10,152000
江東区,来訪者,2020-02-11,349000
江東区,来訪者,2020-02-12,171000
江東区,来訪者,2020-02-13,377000
江東区,来訪者,2020-02-14,382000
江東区,来訪者,2020-02-15,384000
江東区,来訪者,2020-02-16,202000
江東区,来訪者,2020-02-17,145000
江東区,来訪者,2020-02-18,369000
江東区,来訪者,2020-02-19,371000
江東区,来訪者,2020-02-20,366000
江東区,来訪者,2020-02-21,374000
江東区,来訪者,2020-02-22,375000
江東区,来訪者,2020-02-23,194000
江東区,来訪者,2020-02-24,153000
江東区,来訪者,2020-02-25,157000
江東区,来訪者,2020-02-26,368000
江東区,来訪者,2020-02-27,370000
江東区,来訪者,2020-02-28,365000
江東区,来訪者,2020-03-01,363000
江東区,来訪者,2020-03-02,176000
品川区,住人,2020-02-02,379000
品川区,住人,2020-02-03,379000
品川区,住人,2020-02-04,379000
品川区,住人,2020-02-05,379000
品川区,住人,2020-02-06,379000
品川区,住人,2020-02-07,379000
品川区,住人,2020-02-08,379000
品川区,住人,2020-02-09,379000
品川区,住人,2020-02-10,379000
品川区,住人,2020-02-11,379000
品川区,住人,2020-02-12,379000
品川区,住人,2020-02-13,379000
品川区,住人,2020-02-14,379000
品川区,住人,2020-02-15,379000
品川区,住人,2020-02-16,379000
品川区,住人,2020-02-17,379000
品川区,住人,2020-02-18,379000
品川区,住人,2020-02-19,379000
品川区,住人,2020-02-20,379000
品川区,住人,2020-02-21,379000
品川区,住人,2020-02-22,379000
品川区,住人,2020-02-23,379000
品川区,住人,2020-02-24,379000
品川区,住人,2020-02-25,379000
品川区,住人,2020-02-26,379000
品川区,住人,2020-02-27,379000
品川区,住人,2020-02-28,379000
品川区,住人,2020-03-01,379000
品川区,住人,2020-03-02,379000
品川区,来訪者,2020-02-02,186000
品川区,来訪者,2020-02-03,146000
品川区,来訪者,2020-02-04,378000
品川区,来訪者,2020-02-05,384000
品川区,来訪者,2020-02-06,379000
品川区,来訪者,2020-02-07,384000
品川区,来訪者,2020-02-08,384000
品川区,来訪者,2020-02-09,181000
品川区,来訪者,2020-02-10,143000
品川区,来訪者,2020-02-11,342000
品川区,来訪者,2020-02-12,161000
品川区,来訪者,2020-02-13,377000
品川区,来訪者,2020-02-14,382000
品川区,来訪者,2020-02-15,388000
品川区,来訪者,2020-02-16,186000
品川区,来訪者,2020-02-17,138000
品川区,来訪者,2020-02-18,374000
品川区,来訪者,2020-02-19,378000
品川区,来訪者,2020-02-20,374000
品川区,来訪者,2020-02-21,378000
品川区,来訪者,2020-02-22,379000
品川区,来訪者,2020-02-23,177000
品川区,来訪者,2020-02-24,145000
品川区,来訪者,2020-02-25,152000
品川区,来訪者,2020-02-26,374000
品川区,来訪者,2020-02-27,374000
品川区,来訪者,2020-02-28,367000
品川区,来訪者,2020-03-01,366000
品川区,来訪者,2020-03-02,164000
目黒区,住人,2020-02-02,269000
目黒区,住人,2020-02-03,269000
目黒区,住人,2020-02-04,269000
目黒区,住人,2020-02-05,269000
目黒区,住人,2020-02-06,269000
目黒区,住人,2020-02-07,269000
目黒区,住人,2020-02-08,269000
目黒区,住人,2020-02-09,269000
目黒区,住人,2020-02-10,269000
目黒区,住人,2020-02-11,269000
目黒区,住人,2020-02-12,269000
目黒区,住人,2020-02-13,269000
目黒区,住人,2020-02-14,269000
目黒区,住人,2020-02-15,269000
目黒区,住人,2020-02-16,269000
目黒区,住人,2020-02-17,269000
目黒区,住人,2020-02-18,269000
目黒区,住人,2020-02-19,269000
目黒区,住人,2020-02-20,269000
目黒区,住人,2020-02-21,269000
目黒区,住人,2020-02-22,269000
目黒区,住人,2020-02-23,269000
目黒区,住人,2020-02-24,269000
目黒区,住人,2020-02-25,269000
目黒区,住人,2020-02-26,269000
目黒区,住人,2020-02-27,269000
目黒区,住人,2020-02-28,269000
目黒区,住人,2020-03-01,269000
目黒区,住人,2020-03-02,269000
目黒区,来訪者,2020-02-02,166000
目黒区,来訪者,2020-02-03,133000
目黒区,来訪者,2020-02-04,229000
目黒区,来訪者,2020-02-05,235000
目黒区,来訪者,2020-02-06,232000
目黒区,来訪者,2020-02-07,238000
目黒区,来訪者,2020-02-08,242000
目黒区,来訪者,2020-02-09,164000
目黒区,来訪者,2020-02-10,133000
目黒区,来訪者,2020-02-11,225000
目黒区,来訪者,2020-02-12,141000
目黒区,来訪者,2020-02-13,233000
目黒区,来訪者,2020-02-14,238000
目黒区,来訪者,2020-02-15,243000
目黒区,来訪者,2020-02-16,162000
目黒区,来訪者,2020-02-17,124000
目黒区,来訪者,2020-02-18,230000
目黒区,来訪者,2020-02-19,232000
目黒区,来訪者,2020-02-20,231000
目黒区,来訪者,2020-02-21,234000
目黒区,来訪者,2020-02-22,240000
目黒区,来訪者,2020-02-23,158000
目黒区,来訪者,2020-02-24,131000
目黒区,来訪者,2020-02-25,131000
目黒区,来訪者,2020-02-26,229000
目黒区,来訪者,2020-02-27,228000
目黒区,来訪者,2020-02-28,226000
目黒区,来訪者,2020-03-01,229000
目黒区,来訪者,2020-03-02,144000
大田区,住人,2020-02-02,706000
大田区,住人,2020-02-03,706000
大田区,住人,2020-02-04,706000
大田区,住人,2020-02-05,706000
大田区,住人,2020-02-06,706000
大田区,住人,2020-02-07,706000
大田区,住人,2020-02-08,706000
大田区,住人,2020-02-09,706000
大田区,住人,2020-02-10,706000
大田区,住人,2020-02-11,706000
大田区,住人,2020-02-12,706000
大田区,住人,2020-02-13,706000
大田区,住人,2020-02-14,706000
大田区,住人,2020-02-15,706000
大田区,住人,2020-02-16,706000
大田区,住人,2020-02-17,706000
大田区,住人,2020-02-18,706000
大田区,住人,2020-02-19,706000
大田区,住人,2020-02-20,706000
大田区,住人,2020-02-21,706000
大田区,住人,2020-02-22,706000
大田区,住人,2020-02-23,706000
大田区,住人,2020-02-24,706000
大田区,住人,2020-02-25,706000
大田区,住人,2020-02-26,706000
大田区,住人,2020-02-27,706000
大田区,住人,2020-02-28,706000
大田区,住人,2020-03-01,706000
大田区,住人,2020-03-02,706000
大田区,来訪者,2020-02-02,200000
大田区,来訪者,2020-02-03,165000
大田区,来訪者,2020-02-04,298000
大田区,来訪者,2020-02-05,305000
大田区,来訪者,2020-02-06,302000
大田区,来訪者,2020-02-07,306000
大田区,来訪者,2020-02-08,310000
大田区,来訪者,2020-02-09,201000
大田区,来訪者,2020-02-10,162000
大田区,来訪者,2020-02-11,282000
大田区,来訪者,2020-02-12,182000
大田区,来訪者,2020-02-13,303000
大田区,来訪者,2020-02-14,307000
大田区,来訪者,2020-02-15,311000
大田区,来訪者,2020-02-16,201000
大田区,来訪者,2020-02-17,161000
大田区,来訪者,2020-02-18,299000
大田区,来訪者,2020-02-19,300000
大田区,来訪者,2020-02-20,297000
大田区,来訪者,2020-02-21,304000
大田区,来訪者,2020-02-22,309000
大田区,来訪者,2020-02-23,199000
大田区,来訪者,2020-02-24,164000
大田区,来訪者,2020-02-25,172000
大田区,来訪者,2020-02-26,295000
大田区,来訪者,2020-02-27,296000
大田区,来訪者,2020-02-28,292000
大田区,来訪者,2020-03-01,293000
大田区,来訪者,2020-03-02,178000
世田谷区,住人,2020-02-02,880000
世田谷区,住人,2020-02-03,880000
世田谷区,住人,2020-02-04,880000
世田谷区,住人,2020-02-05,880000
世田谷区,住人,2020-02-06,880000
世田谷区,住人,2020-02-07,880000
世田谷区,住人,2020-02-08,880000
世田谷区,住人,2020-02-09,880000
世田谷区,住人,2020-02-10,880000
世田谷区,住人,2020-02-11,880000
世田谷区,住人,2020-02-12,880000
世田谷区,住人,2020-02-13,880000
世田谷区,住人,2020-02-14,880000
世田谷区,住人,2020-02-15,880000
世田谷区,住人,2020-02-16,880000
世田谷区,住人,2020-02-17,880000
世田谷区,住人,2020-02-18,880000
世田谷区,住人,2020-02-19,880000
世田谷区,住人,2020-02-20,880000
世田谷区,住人,2020-02-21,880000
世田谷区,住人,2020-02-22,880000
世田谷区,住人,2020-02-23,880000
世田谷区,住人,2020-02-24,880000
世田谷区,住人,2020-02-25,880000
世田谷区,住人,2020-02-26,880000
世田谷区,住人,2020-02-27,880000
世田谷区,住人,2020-02-28,880000
世田谷区,住人,2020-03-01,880000
世田谷区,住人,2020-03-02,880000
世田谷区,来訪者,2020-02-02,232000
世田谷区,来訪者,2020-02-03,188000
世田谷区,来訪者,2020-02-04,297000
世田谷区,来訪者,2020-02-05,301000
世田谷区,来訪者,2020-02-06,298000
世田谷区,来訪者,2020-02-07,302000
世田谷区,来訪者,2020-02-08,307000
世田谷区,来訪者,2020-02-09,228000
世田谷区,来訪者,2020-02-10,185000
世田谷区,来訪者,2020-02-11,292000
世田谷区,来訪者,2020-02-12,197000
世田谷区,来訪者,2020-02-13,299000
世田谷区,来訪者,2020-02-14,301000
世田谷区,来訪者,2020-02-15,311000
世田谷区,来訪者,2020-02-16,227000
世田谷区,来訪者,2020-02-17,179000
世田谷区,来訪者,2020-02-18,301000
世田谷区,来訪者,2020-02-19,300000
世田谷区,来訪者,2020-02-20,297000
世田谷区,来訪者,2020-02-21,301000
世田谷区,来訪者,2020-02-22,309000
世田谷区,来訪者,2020-02-23,229000
世田谷区,来訪者,2020-02-24,189000
世田谷区,来訪者,2020-02-25,192000
世田谷区,来訪者,2020-02-26,299000
世田谷区,来訪者,2020-02-27,297000
世田谷区,来訪者,2020-02-28,296000
世田谷区,来訪者,2020-03-01,301000
世田谷区,来訪者,2020-03-02,208000
渋谷区,住人,2020-02-02,213000
渋谷区,住人,2020-02-03,213000
渋谷区,住人,2020-02-04,213000
渋谷区,住人,2020-02-05,213000
渋谷区,住人,2020-02-06,213000
渋谷区,住人,2020-02-07,213000
渋谷区,住人,2020-02-08,213000
渋谷区,住人,2020-02-09,213000
渋谷区,住人,2020-02-10,213000
渋谷区,住人,2020-02-11,213000
渋谷区,住人,2020-02-12,213000
渋谷区,住人,2020-02-13,213000
渋谷区,住人,2020-02-14,213000
渋谷区,住人,2020-02-15,213000
渋谷区,住人,2020-02-16,213000
渋谷区,住人,2020-02-17,213000
渋谷区,住人,2020-02-18,213000
渋谷区,住人,2020-02-19,213000
渋谷区,住人,2020-02-20,213000
渋谷区,住人,2020-02-21,213000
渋谷区,住人,2020-02-22,213000
渋谷区,住人,2020-02-23,213000
渋谷区,住人,2020-02-24,213000
渋谷区,住人,2020-02-25,213000
渋谷区,住人,2020-02-26,213000
渋谷区,住人,2020-02-27,213000
渋谷区,住人,2020-02-28,213000
渋谷区,住人,2020-03-01,213000
渋谷区,住人,2020-03-02,213000
渋谷区,来訪者,2020-02-02,311000
渋谷区,来訪者,2020-02-03,246000
渋谷区,来訪者,2020-02-04,511000
渋谷区,来訪者,2020-02-05,516000
渋谷区,来訪者,2020-02-06,513000
渋谷区,来訪者,2020-02-07,519000
渋谷区,来訪者,2020-02-08,525000
渋谷区,来訪者,2020-02-09,309000
渋谷区,来訪者,2020-02-10,241000
渋谷区,来訪者,2020-02-11,493000
渋谷区,来訪者,2020-02-12,261000
渋谷区,来訪者,2020-02-13,516000
渋谷区,来訪者,2020-02-14,521000
渋谷区,来訪者,2020-02-15,531000
渋谷区,来訪者,2020-02-16,309000
渋谷区,来訪者,2020-02-17,228000
渋谷区,来訪者,2020-02-18,512000
渋谷区,来訪者,2020-02-19,509000
渋谷区,来訪者,2020-02-20,505000
渋谷区,来訪者,2020-02-21,513000
渋谷区,来訪者,2020-02-22,521000
渋谷区,来訪者,2020-02-23,295000
渋谷区,来訪者,2020-02-24,240000
渋谷区,来訪者,2020-02-25,240000
渋谷区,来訪者,2020-02-26,505000
渋谷区,来訪者,2020-02-27,502000
渋谷区,来訪者,2020-02-28,496000
渋谷区,来訪者,2020-03-01,500000
渋谷区,来訪者,2020-03-02,267000
中野区,住人,2020-02-02,321000
中野区,住人,2020-02-03,321000
中野区,住人,2020-02-04,321000
中野区,住人,2020-02-05,321000
中野区,住人,2020-02-06,321000
中野区,住人,2020-02-07,321000
中野区,住人,2020-02-08,321000
中野区,住人,2020-02-09,321000
中野区,住人,2020-02-10,321000
中野区,住人,2020-02-11,321000
中野区,住人,2020-02-12,321000
中野区,住人,2020-02-13,321000
中野区,住人,2020-02-14,321000
中野区,住人,2020-02-15,321000
中野区,住人,2020-02-16,321000
中野区,住人,2020-02-17,321000
中野区,住人,2020-02-18,321000
中野区,住人,2020-02-19,321000
中野区,住人,2020-02-20,321000
中野区,住人,2020-02-21,321000
中野区,住人,2020-02-22,321000
中野区,住人,2020-02-23,321000
中野区,住人,2020-02-24,321000
中野区,住人,2020-02-25,321000
中野区,住人,2020-02-26,321000
中野区,住人,2020-02-27,321000
中野区,住人,2020-02-28,321000
中野区,住人,2020-03-01,321000
中野区,住人,2020-03-02,321000
中野区,来訪者,2020-02-02,166000
中野区,来訪者,2020-02-03,139000
中野区,来訪者,2020-02-04,229000
中野区,来訪者,2020-02-05,230000
中野区,来訪者,2020-02-06,228000
中野区,来訪者,2020-02-07,233000
中野区,来訪者,2020-02-08,234000
中野区,来訪者,2020-02-09,163000
中野区,来訪者,2020-02-10,135000
中野区,来訪者,2020-02-11,222000
中野区,来訪者,2020-02-12,142000
中野区,来訪者,2020-02-13,226000
中野区,来訪者,2020-02-14,229000
中野区,来訪者,2020-02-15,233000
中野区,来訪者,2020-02-16,164000
中野区,来訪者,2020-02-17,130000
中野区,来訪者,2020-02-18,227000
中野区,来訪者,2020-02-19,226000
中野区,来訪者,2020-02-20,224000
中野区,来訪者,2020-02-21,225000
中野区,来訪者,2020-02-22,229000
中野区,来訪者,2020-02-23,160000
中野区,来訪者,2020-02-24,136000
中野区,来訪者,2020-02-25,135000
中野区,来訪者,2020-02-26,225000
中野区,来訪者,2020-02-27,221000
中野区,来訪者,2020-02-28,219000
中野区,来訪者,2020-03-01,221000
中野区,来訪者,2020-03-02,145000
杉並区,住人,2020-02-02,551000
杉並区,住人,2020-02-03,551000
杉並区,住人,2020-02-04,551000
杉並区,住人,2020-02-05,551000
杉並区,住人,2020-02-06,551000
杉並区,住人,2020-02-07,551000
杉並区,住人,2020-02-08,551000
杉並区,住人,2020-02-09,551000
杉並区,住人,2020-02-10,551000
杉並区,住人,2020-02-11,551000
杉並区,住人,2020-02-12,551000
杉並区,住人,2020-02-13,551000
杉並区,住人,2020-02-14,551000
杉並区,住人,2020-02-15,551000
杉並区,住人,2020-02-16,551000
杉並区,住人,2020-02-17,551000
杉並区,住人,2020-02-18,551000
杉並区,住人,2020-02-19,551000
杉並区,住人,2020-02-20,551000
杉並区,住人,2020-02-21,551000
杉並区,住人,2020-02-22,551000
杉並区,住人,2020-02-23,551000
杉並区,住人,2020-02-24,551000
杉並区,住人,2020-02-25,551000
杉並区,住人,2020-02-26,551000
杉並区,住人,2020-02-27,551000
杉並区,住人,2020-02-28,551000
杉並区,住人,2020-03-01,551000
杉並区,住人,2020-03-02,551000
杉並区,来訪者,2020-02-02,160000
杉並区,来訪者,2020-02-03,135000
杉並区,来訪者,2020-02-04,203000
杉並区,来訪者,2020-02-05,204000
杉並区,来訪者,2020-02-06,203000
杉並区,来訪者,2020-02-07,207000
杉並区,来訪者,2020-02-08,208000
杉並区,来訪者,2020-02-09,159000
杉並区,来訪者,2020-02-10,132000
杉並区,来訪者,2020-02-11,198000
杉並区,来訪者,2020-02-12,138000
杉並区,来訪者,2020-02-13,203000
杉並区,来訪者,2020-02-14,203000
杉並区,来訪者,2020-02-15,210000
杉並区,来訪者,2020-02-16,161000
杉並区,来訪者,2020-02-17,128000
杉並区,来訪者,2020-02-18,204000
杉並区,来訪者,2020-02-19,203000
杉並区,来訪者,2020-02-20,198000
杉並区,来訪者,2020-02-21,203000
杉並区,来訪者,2020-02-22,208000
杉並区,来訪者,2020-02-23,157000
杉並区,来訪者,2020-02-24,134000
杉並区,来訪者,2020-02-25,135000
杉並区,来訪者,2020-02-26,201000
杉並区,来訪者,2020-02-27,201000
杉並区,来訪者,2020-02-28,198000
杉並区,来訪者,2020-03-01,201000
杉並区,来訪者,2020-03-02,147000
豊島区,住人,2020-02-02,277000
豊島区,住人,2020-02-03,277000
豊島区,住人,2020-02-04,277000
豊島区,住人,2020-02-05,277000
豊島区,住人,2020-02-06,277000
豊島区,住人,2020-02-07,277000
豊島区,住人,2020-02-08,277000
豊島区,住人,2020-02-09,277000
豊島区,住人,2020-02-10,277000
豊島区,住人,2020-02-11,277000
豊島区,住人,2020-02-12,277000
豊島区,住人,2020-02-13,277000
豊島区,住人,2020-02-14,277000
豊島区,住人,2020-02-15,277000
豊島区,住人,2020-02-16,277000
豊島区,住人,2020-02-17,277000
豊島区,住人,2020-02-18,277000
豊島区,住人,2020-02-19,277000
豊島区,住人,2020-02-20,277000
豊島区,住人,2020-02-21,277000
豊島区,住人,2020-02-22,277000
豊島区,住人,2020-02-23,277000
豊島区,住人,2020-02-24,277000
豊島区,住人,2020-02-25,277000
豊島区,住人,2020-02-26,277000
豊島区,住人,2020-02-27,277000
豊島区,住人,2020-02-28,277000
豊島区,住人,2020-03-01,277000
豊島区,住人,2020-03-02,277000
豊島区,来訪者,2020-02-02,207000
豊島区,来訪者,2020-02-03,172000
豊島区,来訪者,2020-02-04,301000
豊島区,来訪者,2020-02-05,304000
豊島区,来訪者,2020-02-06,301000
豊島区,来訪者,2020-02-07,305000
豊島区,来訪者,2020-02-08,309000
豊島区,来訪者,2020-02-09,204000
豊島区,来訪者,2020-02-10,167000
豊島区,来訪者,2020-02-11,293000
豊島区,来訪者,2020-02-12,181000
豊島区,来訪者,2020-02-13,301000
豊島区,来訪者,2020-02-14,301000
豊島区,来訪者,2020-02-15,308000
豊島区,来訪者,2020-02-16,207000
豊島区,来訪者,2020-02-17,163000
豊島区,来訪者,2020-02-18,297000
豊島区,来訪者,2020-02-19,298000
豊島区,来訪者,2020-02-20,297000
豊島区,来訪者,2020-02-21,297000
豊島区,来訪者,2020-02-22,303000
豊島区,来訪者,2020-02-23,199000
豊島区,来訪者,2020-02-24,165000
豊島区,来訪者,2020-02-25,167000
豊島区,来訪者,2020-02-26,295000
豊島区,来訪者,2020-02-27,292000
豊島区,来訪者,2020-02-28,291000
豊島区,来訪者,2020-03-01,295000
豊島区,来訪者,2020-03-02,184000
北区,住人,2020-02-02,341000
北区,住人,2020-02-03,341000
北区,住人,2020-02-04,341000
北区,住人,2020-02-05,341000
北区,住人,2020-02-06,341000
北区,住人,2020-02-07,341000
北区,住人,2020-02-08,341000
北区,住人,2020-02-09,341000
北区,住人,2020-02-10,341000
北区,住人,2020-02-11,341000
北区,住人,2020-02-12,341000
北区,住人,2020-02-13,341000
北区,住人,2020-02-14,341000
北区,住人,2020-02-15,341000
北区,住人,2020-02-16,341000
北区,住人,2020-02-17,341000
北区,住人,2020-02-18,341000
北区,住人,2020-02-19,341000
北区,住人,2020-02-20,341000
北区,住人,2020-02-21,341000
北区,住人,2020-02-22,341000
北区,住人,2020-02-23,341000
北区,住人,2020-02-24,341000
北区,住人,2020-02-25,341000
北区,住人,2020-02-26,341000
北区,住人,2020-02-27,341000
北区,住人,2020-02-28,341000
北区,住人,2020-03-01,341000
北区,住人,2020-03-02,341000
北区,来訪者,2020-02-02,156000
北区,来訪者,2020-02-03,129000
北区,来訪者,2020-02-04,205000
北区,来訪者,2020-02-05,207000
北区,来訪者,2020-02-06,206000
北区,来訪者,2020-02-07,208000
北区,来訪者,2020-02-08,210000
北区,来訪者,2020-02-09,154000
北区,来訪者,2020-02-10,125000
北区,来訪者,2020-02-11,199000
北区,来訪者,2020-02-12,136000
北区,来訪者,2020-02-13,207000
北区,来訪者,2020-02-14,208000
北区,来訪者,2020-02-15,211000
北区,来訪者,2020-02-16,155000
北区,来訪者,2020-02-17,121000
北区,来訪者,2020-02-18,204000
北区,来訪者,2020-02-19,203000
北区,来訪者,2020-02-20,206000
北区,来訪者,2020-02-21,205000
北区,来訪者,2020-02-22,209000
北区,来訪者,2020-02-23,151000
北区,来訪者,2020-02-24,125000
北区,来訪者,2020-02-25,128000
北区,来訪者,2020-02-26,203000
北区,来訪者,2020-02-27,203000
北区,来訪者,2020-02-28,201000
北区,来訪者,2020-03-01,203000
北区,来訪者,2020-03-02,139000
荒川区,住人,2020-02-02,209000
荒川区,住人,2020-02-03,209000
荒川区,住人,2020-02-04,209000
荒川区,住人,2020-02-05,209000
荒川区,住人,2020-02-06,209000
荒川区,住人,2020-02-07,209000
荒川区,住人,2020-02-08,209000
荒川区,住人,2020-02-09,209000
荒川区,住人,2020-02-10,209000
荒川区,住人,2020-02-11,209000
荒川区,住人,2020-02-12,209000
荒川区,住人,2020-02-13,209000
荒川区,住人,2020-02-14,209000
荒川区,住人,2020-02-15,209000
荒川区,住人,2020-02-16,209000
荒川区,住人,2020-02-17,209000
荒川区,住人,2020-02-18,209000
荒川区,住人,2020-02-19,209000
荒川区,住人,2020-02-20,209000
荒川区,住人,2020-02-21,209000
荒川区,住人,2020-02-22,209000
荒川区,住人,2020-02-23,209000
荒川区,住人,2020-02-24,209000
荒川区,住人,2020-02-25,209000
荒川区,住人,2020-02-26,209000
荒川区,住人,2020-02-27,209000
荒川区,住人,2020-02-28,209000
荒川区,住人,2020-03-01,209000
荒川区,住人,2020-03-02,209000
荒川区,来訪者,2020-02-02,117000
荒川区,来訪者,2020-02-03,97000
荒川区,来訪者,2020-02-04,161000
荒川区,来訪者,2020-02-05,165000
荒川区,来訪者,2020-02-06,166000
荒川区,来訪者,2020-02-07,165000
荒川区,来訪者,2020-02-08,168000
荒川区,来訪者,2020-02-09,116000
荒川区,来訪者,2020-02-10,94900
荒川区,来訪者,2020-02-11,157000
荒川区,来訪者,2020-02-12,101000
荒川区,来訪者,2020-02-13,165000
荒川区,来訪者,2020-02-14,167000
荒川区,来訪者,2020-02-15,171000
荒川区,来訪者,2020-02-16,118000
荒川区,来訪者,2020-02-17,90900
荒川区,来訪者,2020-02-18,161000
荒川区,来訪者,2020-02-19,162000
荒川区,来訪者,2020-02-20,163000
荒川区,来訪者,2020-02-21,164000
荒川区,来訪者,2020-02-22,167000
荒川区,来訪者,2020-02-23,114000
荒川区,来訪者,2020-02-24,95900
荒川区,来訪者,2020-02-25,96500
荒川区,来訪者,2020-02-26,160000
荒川区,来訪者,2020-02-27,162000
荒川区,来訪者,2020-02-28,160000
荒川区,来訪者,2020-03-01,161000
荒川区,来訪者,2020-03-02,104000
板橋区,住人,2020-02-02,550000
板橋区,住人,2020-02-03,550000
板橋区,住人,2020-02-04,550000
板橋区,住人,2020-02-05,550000
板橋区,住人,2020-02-06,550000
板橋区,住人,2020-02-07,550000
板橋区,住人,2020-02-08,550000
板橋区,住人,2020-02-09,550000
板橋区,住人,2020-02-10,550000
板橋区,住人,2020-02-11,550000
板橋区,住人,2020-02-12,550000
板橋区,住人,2020-02-13,550000
板橋区,住人,2020-02-14,550000
板橋区,住人,2020-02-15,550000
板橋区,住人,2020-02-16,550000
板橋区,住人,2020-02-17,550000
板橋区,住人,2020-02-18,550000
板橋区,住人,2020-02-19,550000
板橋区,住人,2020-02-20,550000
板橋区,住人,2020-02-21,550000
板橋区,住人,2020-02-22,550000
板橋区,住人,2020-02-23,550000
板橋区,住人,2020-02-24,550000
板橋区,住人,2020-02-25,550000
板橋区,住人,2020-02-26,550000
板橋区,住人,2020-02-27,550000
板橋区,住人,2020-02-28,550000
板橋区,住人,2020-03-01,550000
板橋区,住人,2020-03-02,550000
板橋区,来訪者,2020-02-02,141000
板橋区,来訪者,2020-02-03,115000
板橋区,来訪者,2020-02-04,178000
板橋区,来訪者,2020-02-05,180000
板橋区,来訪者,2020-02-06,181000
板橋区,来訪者,2020-02-07,182000
板橋区,来訪者,2020-02-08,183000
板橋区,来訪者,2020-02-09,139000
板橋区,来訪者,2020-02-10,114000
板橋区,来訪者,2020-02-11,177000
板橋区,来訪者,2020-02-12,124000
板橋区,来訪者,2020-02-13,181000
板橋区,来訪者,2020-02-14,180000
板橋区,来訪者,2020-02-15,184000
板橋区,来訪者,2020-02-16,142000
板橋区,来訪者,2020-02-17,110000
板橋区,来訪者,2020-02-18,180000
板橋区,来訪者,2020-02-19,179000
板橋区,来訪者,2020-02-20,180000
板橋区,来訪者,2020-02-21,181000
板橋区,来訪者,2020-02-22,183000
板橋区,来訪者,2020-02-23,140000
板橋区,来訪者,2020-02-24,117000
板橋区,来訪者,2020-02-25,119000
板橋区,来訪者,2020-02-26,180000
板橋区,来訪者,2020-02-27,178000
板橋区,来訪者,2020-02-28,177000
板橋区,来訪者,2020-03-01,179000
板橋区,来訪者,2020-03-02,131000
練馬区,住人,2020-02-02,711000
練馬区,住人,2020-02-03,711000
練馬区,住人,2020-02-04,711000
練馬区,住人,2020-02-05,711000
練馬区,住人,2020-02-06,711000
練馬区,住人,2020-02-07,711000
練馬区,住人,2020-02-08,711000
練馬区,住人,2020-02-09,711000
練馬区,住人,2020-02-10,711000
練馬区,住人,2020-02-11,711000
練馬区,住人,2020-02-12,711000
練馬区,住人,2020-02-13,711000
練馬区,住人,2020-02-14,711000
練馬区,住人,2020-02-15,711000
練馬区,住人,2020-02-16,711000
練馬区,住人,2020-02-17,711000
練馬区,住人,2020-02-18,711000
練馬区,住人,2020-02-19,711000
練馬区,住人,2020-02-20,711000
練馬区,住人,2020-02-21,711000
練馬区,住人,2020-02-22,711000
練馬区,住人,2020-02-23,711000
練馬区,住人,2020-02-24,711000
練馬区,住人,2020-02-25,711000
練馬区,住人,2020-02-26,711000
練馬区,住人,2020-02-27,711000
練馬区,住人,2020-02-28,711000
練馬区,住人,2020-03-01,711000
練馬区,住人,2020-03-02,711000
練馬区,来訪者,2020-02-02,143000
練馬区,来訪者,2020-02-03,124000
練馬区,来訪者,2020-02-04,164000
練馬区,来訪者,2020-02-05,165000
練馬区,来訪者,2020-02-06,165000
練馬区,来訪者,2020-02-07,166000
練馬区,来訪者,2020-02-08,168000
練馬区,来訪者,2020-02-09,140000
練馬区,来訪者,2020-02-10,120000
練馬区,来訪者,2020-02-11,163000
練馬区,来訪者,2020-02-12,127000
練馬区,来訪者,2020-02-13,164000
練馬区,来訪者,2020-02-14,165000
練馬区,来訪者,2020-02-15,168000
練馬区,来訪者,2020-02-16,141000
練馬区,来訪者,2020-02-17,116000
練馬区,来訪者,2020-02-18,166000
練馬区,来訪者,2020-02-19,164000
練馬区,来訪者,2020-02-20,164000
練馬区,来訪者,2020-02-21,165000
練馬区,来訪者,2020-02-22,169000
練馬区,来訪者,2020-02-23,141000
練馬区,来訪者,2020-02-24,124000
練馬区,来訪者,2020-02-25,125000
練馬区,来訪者,2020-02-26,165000
練馬区,来訪者,2020-02-27,163000
練馬区,来訪者,2020-02-28,163000
練馬区,来訪者,2020-03-01,165000
練馬区,来訪者,2020-03-02,133000
足立区,住人,2020-02-02,670000
足立区,住人,2020-02-03,670000
足立区,住人,2020-02-04,670000
足立区,住人,2020-02-05,670000
足立区,住人,2020-02-06,670000
足立区,住人,2020-02-07,670000
足立区,住人,2020-02-08,670000
足立区,住人,2020-02-09,670000
足立区,住人,2020-02-10,670000
足立区,住人,2020-02-11,670000
足立区,住人,2020-02-12,670000
足立区,住人,2020-02-13,670000
足立区,住人,2020-02-14,670000
足立区,住人,2020-02-15,670000
足立区,住人,2020-02-16,670000
足立区,住人,2020-02-17,670000
足立区,住人,2020-02-18,670000
足立区,住人,2020-02-19,670000
足立区,住人,2020-02-20,670000
足立区,住人,2020-02-21,670000
足立区,住人,2020-02-22,670000
足立区,住人,2020-02-23,670000
足立区,住人,2020-02-24,670000
足立区,住人,2020-02-25,670000
足立区,住人,2020-02-26,670000
足立区,住人,2020-02-27,670000
足立区,住人,2020-02-28,670000
足立区,住人,2020-03-01,670000
足立区,住人,2020-03-02,670000
足立区,来訪者,2020-02-02,172000
足立区,来訪者,2020-02-03,144000
足立区,来訪者,2020-02-04,214000
足立区,来訪者,2020-02-05,215000
足立区,来訪者,2020-02-06,216000
足立区,来訪者,2020-02-07,217000
足立区,来訪者,2020-02-08,220000
足立区,来訪者,2020-02-09,171000
足立区,来訪者,2020-02-10,142000
足立区,来訪者,2020-02-11,212000
足立区,来訪者,2020-02-12,150000
足立区,来訪者,2020-02-13,216000
足立区,来訪者,2020-02-14,218000
足立区,来訪者,2020-02-15,224000
足立区,来訪者,2020-02-16,171000
足立区,来訪者,2020-02-17,135000
足立区,来訪者,2020-02-18,214000
足立区,来訪者,2020-02-19,215000
足立区,来訪者,2020-02-20,214000
足立区,来訪者,2020-02-21,215000
足立区,来訪者,2020-02-22,221000
足立区,来訪者,2020-02-23,167000
足立区,来訪者,2020-02-24,143000
足立区,来訪者,2020-02-25,145000
足立区,来訪者,2020-02-26,213000
足立区,来訪者,2020-02-27,214000
足立区,来訪者,2020-02-28,211000
足立区,来訪者,2020-03-01,217000
足立区,来訪者,2020-03-02,156000
葛飾区,住人,2020-02-02,450000
葛飾区,住人,2020-02-03,450000
葛飾区,住人,2020-02-04,450000
葛飾区,住人,2020-02-05,450000
葛飾区,住人,2020-02-06,450000
葛飾区,住人,2020-02-07,450000
葛飾区,住人,2020-02-08,450000
葛飾区,住人,2020-02-09,450000
葛飾区,住人,2020-02-10,450000
葛飾区,住人,2020-02-11,450000
葛飾区,住人,2020-02-12,450000
葛飾区,住人,2020-02-13,450000
葛飾区,住人,2020-02-14,450000
葛飾区,住人,2020-02-15,450000
葛飾区,住人,2020-02-16,450000
葛飾区,住人,2020-02-17,450000
葛飾区,住人,2020-02-18,450000
葛飾区,住人,2020-02-19,450000
葛飾区,住人,2020-02-20,450000
葛飾区,住人,2020-02-21,450000
葛飾区,住人,2020-02-22,450000
葛飾区,住人,2020-02-23,450000
葛飾区,住人,2020-02-24,450000
葛飾区,住人,2020-02-25,450000
葛飾区,住人,2020-02-26,450000
葛飾区,住人,2020-02-27,450000
葛飾区,住人,2020-02-28,450000
葛飾区,住人,2020-03-01,450000
葛飾区,住人,2020-03-02,450000
葛飾区,来訪者,2020-02-02,124000
葛飾区,来訪者,2020-02-03,106000
葛飾区,来訪者,2020-02-04,155000
葛飾区,来訪者,2020-02-05,156000
葛飾区,来訪者,2020-02-06,157000
葛飾区,来訪者,2020-02-07,157000
葛飾区,来訪者,2020-02-08,158000
葛飾区,来訪者,2020-02-09,123000
葛飾区,来訪者,2020-02-10,105000
葛飾区,来訪者,2020-02-11,154000
葛飾区,来訪者,2020-02-12,109000
葛飾区,来訪者,2020-02-13,156000
葛飾区,来訪者,2020-02-14,158000
葛飾区,来訪者,2020-02-15,161000
葛飾区,来訪者,2020-02-16,123000
葛飾区,来訪者,2020-02-17,98100
葛飾区,来訪者,2020-02-18,156000
葛飾区,来訪者,2020-02-19,155000
葛飾区,来訪者,2020-02-20,154000
葛飾区,来訪者,2020-02-21,155000
葛飾区,来訪者,2020-02-22,159000
葛飾区,来訪者,2020-02-23,120000
葛飾区,来訪者,2020-02-24,105000
葛飾区,来訪者,2020-02-25,104000
葛飾区,来訪者,2020-02-26,154000
葛飾区,来訪者,2020-02-27,153000
葛飾区,来訪者,2020-02-28,152000
葛飾区,来訪者,2020-03-01,156000
葛飾区,来訪者,2020-03-02,112000
江戸川区,住人,2020-02-02,679000
江戸川区,住人,2020-02-03,679000
江戸川区,住人,2020-02-04,679000
江戸川区,住人,2020-02-05,679000
江戸川区,住人,2020-02-06,679000
江戸川区,住人,2020-02-07,679000
江戸川区,住人,2020-02-08,679000
江戸川区,住人,2020-02-09,679000
江戸川区,住人,2020-02-10,679000
江戸川区,住人,2020-02-11,679000
江戸川区,住人,2020-02-12,679000
江戸川区,住人,2020-02-13,679000
江戸川区,住人,2020-02-14,679000
江戸川区,住人,2020-02-15,679000
江戸川区,住人,2020-02-16,679000
江戸川区,住人,2020-02-17,679000
江戸川区,住人,2020-02-18,679000
江戸川区,住人,2020-02-19,679000
江戸川区,住人,2020-02-20,679000
江戸川区,住人,2020-02-21,679000
江戸川区,住人,2020-02-22,679000
江戸川区,住人,2020-02-23,679000
江戸川区,住人,2020-02-24,679000
江戸川区,住人,2020-02-25,679000
江戸川区,住人,2020-02-26,679000
江戸川区,住人,2020-02-27,679000
江戸川区,住人,2020-02-28,679000
江戸川区,住人,2020-03-01,679000
江戸川区,住人,2020-03-02,679000
江戸川区,来訪者,2020-02-02,149000
江戸川区,来訪者,2020-02-03,128000
江戸川区,来訪者,2020-02-04,190000
江戸川区,来訪者,2020-02-05,190000
江戸川区,来訪者,2020-02-06,192000
江戸川区,来訪者,2020-02-07,191000
江戸川区,来訪者,2020-02-08,193000
江戸川区,来訪者,2020-02-09,146000
江戸川区,来訪者,2020-02-10,126000
江戸川区,来訪者,2020-02-11,186000
江戸川区,来訪者,2020-02-12,133000
江戸川区,来訪者,2020-02-13,190000
江戸川区,来訪者,2020-02-14,191000
江戸川区,来訪者,2020-02-15,194000
江戸川区,来訪者,2020-02-16,148000
江戸川区,来訪者,2020-02-17,120000
江戸川区,来訪者,2020-02-18,192000
江戸川区,来訪者,2020-02-19,190000
江戸川区,来訪者,2020-02-20,188000
江戸川区,来訪者,2020-02-21,191000
江戸川区,来訪者,2020-02-22,195000
江戸川区,来訪者,2020-02-23,145000
江戸川区,来訪者,2020-02-24,129000
江戸川区,来訪者,2020-02-25,128000
江戸川区,来訪者,2020-02-26,188000
江戸川区,来訪者,2020-02-27,187000
江戸川区,来訪者,2020-02-28,186000
江戸川区,来訪者,2020-03-01,188000
江戸川区,来訪者,2020-03-02,133000
千代田区,住人,2020-03-03,56000
千代田区,住人,2020-03-04,56000
千代田区,住人,2020-03-05,56000
千代田区,住人,2020-03-06,56000
千代田区,住人,2020-03-07,56000
千代田区,住人,2020-03-08,56000
千代田区,住人,2020-03-09,56000
千代田区,住人,2020-03-10,56000
千代田区,住人,2020-03-11,56000
千代田区,住人,2020-03-12,56000
千代田区,住人,2020-03-13,56000
千代田区,住人,2020-03-14,56000
千代田区,住人,2020-03-15,56000
千代田区,住人,2020-03-16,56000
千代田区,住人,2020-03-17,56000
千代田区,住人,2020-03-18,56000
千代田区,住人,2020-03-19,56000
千代田区,住人,2020-03-20,56000
千代田区,住人,2020-03-21,56000
千代田区,住人,2020-03-22,56000
千代田区,住人,2020-03-23,56000
千代田区,住人,2020-03-24,56000
千代田区,住人,2020-03-25,56000
千代田区,住人,2020-03-26,56000
千代田区,住人,2020-03-27,56000
千代田区,住人,2020-03-28,56000
千代田区,住人,2020-03-29,56000
千代田区,住人,2020-03-30,56000
千代田区,住人,2020-03-31,56000
千代田区,住人,2020-04-01,56000
千代田区,住人,2020-04-02,56000
千代田区,来訪者,2020-03-03,232000
千代田区,来訪者,2020-03-04,889000
千代田区,来訪者,2020-03-05,883000
千代田区,来訪者,2020-03-06,859000
千代田区,来訪者,2020-03-07,867000
千代田区,来訪者,2020-03-08,865000
千代田区,来訪者,2020-03-09,308000
千代田区,来訪者,2020-03-10,213000
千代田区,来訪者,2020-03-11,872000
千代田区,来訪者,2020-03-12,864000
千代田区,来訪者,2020-03-13,858000
千代田区,来訪者,2020-03-14,862000
千代田区,来訪者,2020-03-15,865000
千代田区,来訪者,2020-03-16,300000
千代田区,来訪者,2020-03-17,240000
千代田区,来訪者,2020-03-18,890000
千代田区,来訪者,2020-03-19,889000
千代田区,来訪者,2020-03-20,884000
千代田区,来訪者,2020-03-21,893000
千代田区,来訪者,2020-03-22,325000
千代田区,来訪者,2020-03-23,320000
千代田区,来訪者,2020-03-24,255000
千代田区,来訪者,2020-03-25,892000
千代田区,来訪者,2020-03-26,890000
千代田区,来訪者,2020-03-27,885000
千代田区,来訪者,2020-03-28,878000
千代田区,来訪者,2020-03-29,816000
千代田区,来訪者,2020-03-30,228000
千代田区,来訪者,2020-03-31,140000
千代田区,来訪者,2020-04-01,801000
千代田区,来訪者,2020-04-02,799000
中央区,住人,2020-03-03,153000
中央区,住人,2020-03-04,153000
中央区,住人,2020-03-05,153000
中央区,住人,2020-03-06,153000
中央区,住人,2020-03-07,153000
中央区,住人,2020-03-08,153000
中央区,住人,2020-03-09,153000
中央区,住人,2020-03-10,153000
中央区,住人,2020-03-11,153000
中央区,住人,2020-03-12,153000
中央区,住人,2020-03-13,153000
中央区,住人,2020-03-14,153000
中央区,住人,2020-03-15,153000
中央区,住人,2020-03-16,153000
中央区,住人,2020-03-17,153000
中央区,住人,2020-03-18,153000
中央区,住人,2020-03-19,153000
中央区,住人,2020-03-20,153000
中央区,住人,2020-03-21,153000
中央区,住人,2020-03-22,153000
中央区,住人,2020-03-23,153000
中央区,住人,2020-03-24,153000
中央区,住人,2020-03-25,153000
中央区,住人,2020-03-26,153000
中央区,住人,2020-03-27,153000
中央区,住人,2020-03-28,153000
中央区,住人,2020-03-29,153000
中央区,住人,2020-03-30,153000
中央区,住人,2020-03-31,153000
中央区,住人,2020-04-01,153000
中央区,住人,2020-04-02,153000
中央区,来訪者,2020-03-03,168000
中央区,来訪者,2020-03-04,638000
中央区,来訪者,2020-03-05,635000
中央区,来訪者,2020-03-06,615000
中央区,来訪者,2020-03-07,621000
中央区,来訪者,2020-03-08,624000
中央区,来訪者,2020-03-09,227000
中央区,来訪者,2020-03-10,158000
中央区,来訪者,2020-03-11,629000
中央区,来訪者,2020-03-12,624000
中央区,来訪者,2020-03-13,615000
中央区,来訪者,2020-03-14,623000
中央区,来訪者,2020-03-15,623000
中央区,来訪者,2020-03-16,222000
中央区,来訪者,2020-03-17,174000
中央区,来訪者,2020-03-18,637000
中央区,来訪者,2020-03-19,637000
中央区,来訪者,2020-03-20,636000
中央区,来訪者,2020-03-21,643000
中央区,来訪者,2020-03-22,232000
中央区,来訪者,2020-03-23,234000
中央区,来訪者,2020-03-24,185000
中央区,来訪者,2020-03-25,641000
中央区,来訪者,2020-03-26,641000
中央区,来訪者,2020-03-27,637000
中央区,来訪者,2020-03-28,634000
中央区,来訪者,2020-03-29,588000
中央区,来訪者,2020-03-30,169000
中央区,来訪者,2020-03-31,107000
中央区,来訪者,2020-04-01,580000
中央区,来訪者,2020-04-02,575000
港区,住人,2020-03-03,240000
港区,住人,2020-03-04,240000
港区,住人,2020-03-05,240000
港区,住人,2020-03-06,240000
港区,住人,2020-03-07,240000
港区,住人,2020-03-08,240000
港区,住人,2020-03-09,240000
港区,住人,2020-03-10,240000
港区,住人,2020-03-11,240000
港区,住人,2020-03-12,240000
港区,住人,2020-03-13,240000
港区,住人,2020-03-14,240000
港区,住人,2020-03-15,240000
港区,住人,2020-03-16,240000
港区,住人,2020-03-17,240000
港区,住人,2020-03-18,240000
港区,住人,2020-03-19,240000
港区,住人,2020-03-20,240000
港区,住人,2020-03-21,240000
港区,住人,2020-03-22,240000
港区,住人,2020-03-23,240000
港区,住人,2020-03-24,240000
港区,住人,2020-03-25,240000
港区,住人,2020-03-26,240000
港区,住人,2020-03-27,240000
港区,住人,2020-03-28,240000
港区,住人,2020-03-29,240000
港区,住人,2020-03-30,240000
港区,住人,2020-03-31,240000
港区,住人,2020-04-01,240000
港区,住人,2020-04-02,240000
港区,来訪者,2020-03-03,219000
港区,来訪者,2020-03-04,806000
港区,来訪者,2020-03-05,802000
港区,来訪者,2020-03-06,786000
港区,来訪者,2020-03-07,790000
港区,来訪者,2020-03-08,786000
港区,来訪者,2020-03-09,295000
港区,来訪者,2020-03-10,204000
港区,来訪者,2020-03-11,792000
港区,来訪者,2020-03-12,792000
港区,来訪者,2020-03-13,783000
港区,来訪者,2020-03-14,788000
港区,来訪者,2020-03-15,785000
港区,来訪者,2020-03-16,288000
港区,来訪者,2020-03-17,228000
港区,来訪者,2020-03-18,807000
港区,来訪者,2020-03-19,807000
港区,来訪者,2020-03-20,805000
港区,来訪者,2020-03-21,811000
港区,来訪者,2020-03-22,309000
港区,来訪者,2020-03-23,304000
港区,来訪者,2020-03-24,239000
港区,来訪者,2020-03-25,808000
港区,来訪者,2020-03-26,810000
港区,来訪者,2020-03-27,807000
港区,来訪者,2020-03-28,797000
港区,来訪者,2020-03-29,730000
港区,来訪者,2020-03-30,224000
港区,来訪者,2020-03-31,140000
港区,来訪者,2020-04-01,717000
港区,来訪者,2020-04-02,713000
新宿区,住人,2020-03-03,328000
新宿区,住人,2020-03-04,328000
新宿区,住人,2020-03-05,328000
新宿区,住人,2020-03-06,328000
新宿区,住人,2020-03-07,328000
新宿区,住人,2020-03-08,328000
新宿区,住人,2020-03-09,328000
新宿区,住人,2020-03-10,328000
新宿区,住人,2020-03-11,328000
新宿区,住人,2020-03-12,328000
新宿区,住人,2020-03-13,328000
新宿区,住人,2020-03-14,328000
新宿区,住人,2020-03-15,328000
新宿区,住人,2020-03-16,328000
新宿区,住人,2020-03-17,328000
新宿区,住人,2020-03-18,328000
新宿区,住人,2020-03-19,328000
新宿区,住人,2020-03-20,328000
新宿区,住人,2020-03-21,328000
新宿区,住人,2020-03-22,328000
新宿区,住人,2020-03-23,328000
新宿区,住人,2020-03-24,328000
新宿区,住人,2020-03-25,328000
新宿区,住人,2020-03-26,328000
新宿区,住人,2020-03-27,328000
新宿区,住人,2020-03-28,328000
新宿区,住人,2020-03-29,328000
新宿区,住人,2020-03-30,328000
新宿区,住人,2020-03-31,328000
新宿区,住人,2020-04-01,328000
新宿区,住人,2020-04-02,328000
新宿区,来訪者,2020-03-03,230000
新宿区,来訪者,2020-03-04,597000
新宿区,来訪者,2020-03-05,598000
新宿区,来訪者,2020-03-06,581000
新宿区,来訪者,2020-03-07,589000
新宿区,来訪者,2020-03-08,591000
新宿区,来訪者,2020-03-09,293000
新宿区,来訪者,2020-03-10,218000
新宿区,来訪者,2020-03-11,594000
新宿区,来訪者,2020-03-12,589000
新宿区,来訪者,2020-03-13,582000
新宿区,来訪者,2020-03-14,588000
新宿区,来訪者,2020-03-15,595000
新宿区,来訪者,2020-03-16,286000
新宿区,来訪者,2020-03-17,237000
新宿区,来訪者,2020-03-18,601000
新宿区,来訪者,2020-03-19,607000
新宿区,来訪者,2020-03-20,601000
新宿区,来訪者,2020-03-21,609000
新宿区,来訪者,2020-03-22,303000
新宿区,来訪者,2020-03-23,306000
新宿区,来訪者,2020-03-24,250000
新宿区,来訪者,2020-03-25,603000
新宿区,来訪者,2020-03-26,608000
新宿区,来訪者,2020-03-27,604000
新宿区,来訪者,2020-03-28,598000
新宿区,来訪者,2020-03-29,573000
新宿区,来訪者,2020-03-30,233000
新宿区,来訪者,2020-03-31,157000
新宿区,来訪者,2020-04-01,560000
新宿区,来訪者,2020-04-02,563000
文京区,住人,2020-03-03,212000
文京区,住人,2020-03-04,212000
文京区,住人,2020-03-05,212000
文京区,住人,2020-03-06,212000
文京区,住人,2020-03-07,212000
文京区,住人,2020-03-08,212000
文京区,住人,2020-03-09,212000
文京区,住人,2020-03-10,212000
文京区,住人,2020-03-11,212000
文京区,住人,2020-03-12,212000
文京区,住人,2020-03-13,212000
文京区,住人,2020-03-14,212000
文京区,住人,2020-03-15,212000
文京区,住人,2020-03-16,212000
文京区,住人,2020-03-17,212000
文京区,住人,2020-03-18,212000
文京区,住人,2020-03-19,212000
文京区,住人,2020-03-20,212000
文京区,住人,2020-03-21,212000
文京区,住人,2020-03-22,212000
文京区,住人,2020-03-23,212000
文京区,住人,2020-03-24,212000
文京区,住人,2020-03-25,212000
文京区,住人,2020-03-26,212000
文京区,住人,2020-03-27,212000
文京区,住人,2020-03-28,212000
文京区,住人,2020-03-29,212000
文京区,住人,2020-03-30,212000
文京区,住人,2020-03-31,212000
文京区,住人,2020-04-01,212000
文京区,住人,2020-04-02,212000
文京区,来訪者,2020-03-03,143000
文京区,来訪者,2020-03-04,345000
文京区,来訪者,2020-03-05,349000
文京区,来訪者,2020-03-06,339000
文京区,来訪者,2020-03-07,344000
文京区,来訪者,2020-03-08,349000
文京区,来訪者,2020-03-09,178000
文京区,来訪者,2020-03-10,132000
文京区,来訪者,2020-03-11,344000
文京区,来訪者,2020-03-12,341000
文京区,来訪者,2020-03-13,343000
文京区,来訪者,2020-03-14,348000
文京区,来訪者,2020-03-15,351000
文京区,来訪者,2020-03-16,172000
文京区,来訪者,2020-03-17,148000
文京区,来訪者,2020-03-18,350000
文京区,来訪者,2020-03-19,355000
文京区,来訪者,2020-03-20,357000
文京区,来訪者,2020-03-21,361000
文京区,来訪者,2020-03-22,188000
文京区,来訪者,2020-03-23,195000
文京区,来訪者,2020-03-24,161000
文京区,来訪者,2020-03-25,357000
文京区,来訪者,2020-03-26,358000
文京区,来訪者,2020-03-27,359000
文京区,来訪者,2020-03-28,352000
文京区,来訪者,2020-03-29,334000
文京区,来訪者,2020-03-30,140000
文京区,来訪者,2020-03-31,95400
文京区,来訪者,2020-04-01,322000
文京区,来訪者,2020-04-02,321000
台東区,住人,2020-03-03,191000
台東区,住人,2020-03-04,191000
台東区,住人,2020-03-05,191000
台東区,住人,2020-03-06,191000
台東区,住人,2020-03-07,191000
台東区,住人,2020-03-08,191000
台東区,住人,2020-03-09,191000
台東区,住人,2020-03-10,191000
台東区,住人,2020-03-11,191000
台東区,住人,2020-03-12,191000
台東区,住人,2020-03-13,191000
台東区,住人,2020-03-14,191000
台東区,住人,2020-03-15,191000
台東区,住人,2020-03-16,191000
台東区,住人,2020-03-17,191000
台東区,住人,2020-03-18,191000
台東区,住人,2020-03-19,191000
台東区,住人,2020-03-20,191000
台東区,住人,2020-03-21,191000
台東区,住人,2020-03-22,191000
台東区,住人,2020-03-23,191000
台東区,住人,2020-03-24,191000
台東区,住人,2020-03-25,191000
台東区,住人,2020-03-26,191000
台東区,住人,2020-03-27,191000
台東区,住人,2020-03-28,191000
台東区,住人,2020-03-29,191000
台東区,住人,2020-03-30,191000
台東区,住人,2020-03-31,191000
台東区,住人,2020-04-01,191000
台東区,住人,2020-04-02,191000
台東区,来訪者,2020-03-03,118000
台東区,来訪者,2020-03-04,275000
台東区,来訪者,2020-03-05,277000
台東区,来訪者,2020-03-06,268000
台東区,来訪者,2020-03-07,273000
台東区,来訪者,2020-03-08,277000
台東区,来訪者,2020-03-09,146000
台東区,来訪者,2020-03-10,107000
台東区,来訪者,2020-03-11,274000
台東区,来訪者,2020-03-12,273000
台東区,来訪者,2020-03-13,273000
台東区,来訪者,2020-03-14,276000
台東区,来訪者,2020-03-15,281000
台東区,来訪者,2020-03-16,140000
台東区,来訪者,2020-03-17,120000
台東区,来訪者,2020-03-18,279000
台東区,来訪者,2020-03-19,281000
台東区,来訪者,2020-03-20,283000
台東区,来訪者,2020-03-21,290000
台東区,来訪者,2020-03-22,157000
台東区,来訪者,2020-03-23,161000
台東区,来訪者,2020-03-24,132000
台東区,来訪者,2020-03-25,283000
台東区,来訪者,2020-03-26,285000
台東区,来訪者,2020-03-27,285000
台東区,来訪者,2020-03-28,281000
台東区,来訪者,2020-03-29,267000
台東区,来訪者,2020-03-30,116000
台東区,来訪者,2020-03-31,76600
台東区,来訪者,2020-04-01,258000
台東区,来訪者,2020-04-02,253000
墨田区,住人,2020-03-03,262000
墨田区,住人,2020-03-04,262000
墨田区,住人,2020-03-05,262000
墨田区,住人,2020-03-06,262000
墨田区,住人,2020-03-07,262000
墨田区,住人,2020-03-08,262000
墨田区,住人,2020-03-09,262000
墨田区,住人,2020-03-10,262000
墨田区,住人,2020-03-11,262000
墨田区,住人,2020-03-12,262000
墨田区,住人,2020-03-13,262000
墨田区,住人,2020-03-14,262000
墨田区,住人,2020-03-15,262000
墨田区,住人,2020-03-16,262000
墨田区,住人,2020-03-17,262000
墨田区,住人,2020-03-18,262000
墨田区,住人,2020-03-19,262000
墨田区,住人,2020-03-20,262000
墨田区,住人,2020-03-21,262000
墨田区,住人,2020-03-22,262000
墨田区,住人,2020-03-23,262000
墨田区,住人,2020-03-24,262000
墨田区,住人,2020-03-25,262000
墨田区,住人,2020-03-26,262000
墨田区,住人,2020-03-27,262000
墨田区,住人,2020-03-28,262000
墨田区,住人,2020-03-29,262000
墨田区,住人,2020-03-30,262000
墨田区,住人,2020-03-31,262000
墨田区,住人,2020-04-01,262000
墨田区,住人,2020-04-02,262000
墨田区,来訪者,2020-03-03,98700
墨田区,来訪者,2020-03-04,195000
墨田区,来訪者,2020-03-05,198000
墨田区,来訪者,2020-03-06,191000
墨田区,来訪者,2020-03-07,195000
墨田区,来訪者,2020-03-08,197000
墨田区,来訪者,2020-03-09,117000
墨田区,来訪者,2020-03-10,90000
墨田区,来訪者,2020-03-11,196000
墨田区,来訪者,2020-03-12,194000
墨田区,来訪者,2020-03-13,195000
墨田区,来訪者,2020-03-14,198000
墨田区,来訪者,2020-03-15,200000
墨田区,来訪者,2020-03-16,112000
墨田区,来訪者,2020-03-17,101000
墨田区,来訪者,2020-03-18,199000
墨田区,来訪者,2020-03-19,201000
墨田区,来訪者,2020-03-20,203000
墨田区,来訪者,2020-03-21,206000
墨田区,来訪者,2020-03-22,124000
墨田区,来訪者,2020-03-23,128000
墨田区,来訪者,2020-03-24,108000
墨田区,来訪者,2020-03-25,201000
墨田区,来訪者,2020-03-26,204000
墨田区,来訪者,2020-03-27,204000
墨田区,来訪者,2020-03-28,202000
墨田区,来訪者,2020-03-29,192000
墨田区,来訪者,2020-03-30,98100
墨田区,来訪者,2020-03-31,69600
墨田区,来訪者,2020-04-01,186000
墨田区,来訪者,2020-04-02,184000
江東区,住人,2020-03-03,501000
江東区,住人,2020-03-04,501000
江東区,住人,2020-03-05,501000
江東区,住人,2020-03-06,501000
江東区,住人,2020-03-07,501000
江東区,住人,2020-03-08,501000
江東区,住人,2020-03-09,501000
江東区,住人,2020-03-10,501000
江東区,住人,2020-03-11,501000
江東区,住人,2020-03-12,501000
江東区,住人,2020-03-13,501000
江東区,住人,2020-03-14,501000
江東区,住人,2020-03-15,501000
江東区,住人,2020-03-16,501000
江東区,住人,2020-03-17,501000
江東区,住人,2020-03-18,501000
江東区,住人,2020-03-19,501000
江東区,住人,2020-03-20,501000
江東区,住人,2020-03-21,501000
江東区,住人,2020-03-22,501000
江東区,住人,2020-03-23,501000
江東区,住人,2020-03-24,501000
江東区,住人,2020-03-25,501000
江東区,住人,2020-03-26,501000
江東区,住人,2020-03-27,501000
江東区,住人,2020-03-28,501000
江東区,住人,2020-03-29,501000
江東区,住人,2020-03-30,501000
江東区,住人,2020-03-31,501000
江東区,住人,2020-04-01,501000
江東区,住人,2020-04-02,501000
江東区,来訪者,2020-03-03,127000
江東区,来訪者,2020-03-04,344000
江東区,来訪者,2020-03-05,345000
江東区,来訪者,2020-03-06,333000
江東区,来訪者,2020-03-07,341000
江東区,来訪者,2020-03-08,342000
江東区,来訪者,2020-03-09,168000
江東区,来訪者,2020-03-10,119000
江東区,来訪者,2020-03-11,341000
江東区,来訪者,2020-03-12,340000
江東区,来訪者,2020-03-13,335000
江東区,来訪者,2020-03-14,342000
江東区,来訪者,2020-03-15,341000
江東区,来訪者,2020-03-16,162000
江東区,来訪者,2020-03-17,131000
江東区,来訪者,2020-03-18,346000
江東区,来訪者,2020-03-19,348000
江東区,来訪者,2020-03-20,349000
江東区,来訪者,2020-03-21,350000
江東区,来訪者,2020-03-22,166000
江東区,来訪者,2020-03-23,178000
江東区,来訪者,2020-03-24,137000
江東区,来訪者,2020-03-25,344000
江東区,来訪者,2020-03-26,348000
江東区,来訪者,2020-03-27,343000
江東区,来訪者,2020-03-28,346000
江東区,来訪者,2020-03-29,326000
江東区,来訪者,2020-03-30,142000
江東区,来訪者,2020-03-31,91800
江東区,来訪者,2020-04-01,320000
江東区,来訪者,2020-04-02,320000
品川区,住人,2020-03-03,380000
品川区,住人,2020-03-04,380000
品川区,住人,2020-03-05,380000
品川区,住人,2020-03-06,380000
品川区,住人,2020-03-07,380000
品川区,住人,2020-03-08,380000
品川区,住人,2020-03-09,380000
品川区,住人,2020-03-10,380000
品川区,住人,2020-03-11,380000
品川区,住人,2020-03-12,380000
品川区,住人,2020-03-13,380000
品川区,住人,2020-03-14,380000
品川区,住人,2020-03-15,380000
品川区,住人,2020-03-16,380000
品川区,住人,2020-03-17,380000
品川区,住人,2020-03-18,380000
品川区,住人,2020-03-19,380000
品川区,住人,2020-03-20,380000
品川区,住人,2020-03-21,380000
品川区,住人,2020-03-22,380000
品川区,住人,2020-03-23,380000
品川区,住人,2020-03-24,380000
品川区,住人,2020-03-25,380000
品川区,住人,2020-03-26,380000
品川区,住人,2020-03-27,380000
品川区,住人,2020-03-28,380000
品川区,住人,2020-03-29,380000
品川区,住人,2020-03-30,380000
品川区,住人,2020-03-31,380000
品川区,住人,2020-04-01,380000
品川区,住人,2020-04-02,380000
品川区,来訪者,2020-03-03,124000
品川区,来訪者,2020-03-04,347000
品川区,来訪者,2020-03-05,345000
品川区,来訪者,2020-03-06,338000
品川区,来訪者,2020-03-07,341000
品川区,来訪者,2020-03-08,340000
品川区,来訪者,2020-03-09,154000
品川区,来訪者,2020-03-10,115000
品川区,来訪者,2020-03-11,344000
品川区,来訪者,2020-03-12,341000
品川区,来訪者,2020-03-13,336000
品川区,来訪者,2020-03-14,340000
品川区,来訪者,2020-03-15,339000
品川区,来訪者,2020-03-16,150000
品川区,来訪者,2020-03-17,129000
品川区,来訪者,2020-03-18,350000
品川区,来訪者,2020-03-19,348000
品川区,来訪者,2020-03-20,348000
品川区,来訪者,2020-03-21,352000
品川区,来訪者,2020-03-22,160000
品川区,来訪者,2020-03-23,159000
品川区,来訪者,2020-03-24,132000
品川区,来訪者,2020-03-25,349000
品川区,来訪者,2020-03-26,350000
品川区,来訪者,2020-03-27,350000
品川区,来訪者,2020-03-28,347000
品川区,来訪者,2020-03-29,323000
品川区,来訪者,2020-03-30,132000
品川区,来訪者,2020-03-31,93200
品川区,来訪者,2020-04-01,315000
品川区,来訪者,2020-04-02,314000
目黒区,住人,2020-03-03,270000
目黒区,住人,2020-03-04,270000
目黒区,住人,2020-03-05,270000
目黒区,住人,2020-03-06,270000
目黒区,住人,2020-03-07,270000
目黒区,住人,2020-03-08,270000
目黒区,住人,2020-03-09,270000
目黒区,住人,2020-03-10,270000
目黒区,住人,2020-03-11,270000
目黒区,住人,2020-03-12,270000
目黒区,住人,2020-03-13,270000
目黒区,住人,2020-03-14,270000
目黒区,住人,2020-03-15,270000
目黒区,住人,2020-03-16,270000
目黒区,住人,2020-03-17,270000
目黒区,住人,2020-03-18,270000
目黒区,住人,2020-03-19,270000
目黒区,住人,2020-03-20,270000
目黒区,住人,2020-03-21,270000
目黒区,住人,2020-03-22,270000
目黒区,住人,2020-03-23,270000
目黒区,住人,2020-03-24,270000
目黒区,住人,2020-03-25,270000
目黒区,住人,2020-03-26,270000
目黒区,住人,2020-03-27,270000
目黒区,住人,2020-03-28,270000
目黒区,住人,2020-03-29,270000
目黒区,住人,2020-03-30,270000
目黒区,住人,2020-03-31,270000
目黒区,住人,2020-04-01,270000
目黒区,住人,2020-04-02,270000
目黒区,来訪者,2020-03-03,111000
目黒区,来訪者,2020-03-04,210000
目黒区,来訪者,2020-03-05,213000
目黒区,来訪者,2020-03-06,206000
目黒区,来訪者,2020-03-07,211000
目黒区,来訪者,2020-03-08,215000
目黒区,来訪者,2020-03-09,134000
目黒区,来訪者,2020-03-10,102000
目黒区,来訪者,2020-03-11,211000
目黒区,来訪者,2020-03-12,210000
目黒区,来訪者,2020-03-13,211000
目黒区,来訪者,2020-03-14,214000
目黒区,来訪者,2020-03-15,219000
目黒区,来訪者,2020-03-16,130000
目黒区,来訪者,2020-03-17,116000
目黒区,来訪者,2020-03-18,217000
目黒区,来訪者,2020-03-19,217000
目黒区,来訪者,2020-03-20,214000
目黒区,来訪者,2020-03-21,223000
目黒区,来訪者,2020-03-22,141000
目黒区,来訪者,2020-03-23,144000
目黒区,来訪者,2020-03-24,120000
目黒区,来訪者,2020-03-25,216000
目黒区,来訪者,2020-03-26,218000
目黒区,来訪者,2020-03-27,218000
目黒区,来訪者,2020-03-28,220000
目黒区,来訪者,2020-03-29,208000
目黒区,来訪者,2020-03-30,110000
目黒区,来訪者,2020-03-31,77700
目黒区,来訪者,2020-04-01,198000
目黒区,来訪者,2020-04-02,195000
大田区,住人,2020-03-03,708000
大田区,住人,2020-03-04,708000
大田区,住人,2020-03-05,708000
大田区,住人,2020-03-06,708000
大田区,住人,2020-03-07,708000
大田区,住人,2020-03-08,708000
大田区,住人,2020-03-09,708000
大田区,住人,2020-03-10,708000
大田区,住人,2020-03-11,708000
大田区,住人,2020-03-12,708000
大田区,住人,2020-03-13,708000
大田区,住人,2020-03-14,708000
大田区,住人,2020-03-15,708000
大田区,住人,2020-03-16,708000
大田区,住人,2020-03-17,708000
大田区,住人,2020-03-18,708000
大田区,住人,2020-03-19,708000
大田区,住人,2020-03-20,708000
大田区,住人,2020-03-21,708000
大田区,住人,2020-03-22,708000
大田区,住人,2020-03-23,708000
大田区,住人,2020-03-24,708000
大田区,住人,2020-03-25,708000
大田区,住人,2020-03-26,708000
大田区,住人,2020-03-27,708000
大田区,住人,2020-03-28,708000
大田区,住人,2020-03-29,708000
大田区,住人,2020-03-30,708000
大田区,住人,2020-03-31,708000
大田区,住人,2020-04-01,708000
大田区,住人,2020-04-02,708000
大田区,来訪者,2020-03-03,140000
大田区,来訪者,2020-03-04,274000
大田区,来訪者,2020-03-05,275000
大田区,来訪者,2020-03-06,268000
大田区,来訪者,2020-03-07,273000
大田区,来訪者,2020-03-08,276000
大田区,来訪者,2020-03-09,167000
大田区,来訪者,2020-03-10,129000
大田区,来訪者,2020-03-11,271000
大田区,来訪者,2020-03-12,270000
大田区,来訪者,2020-03-13,268000
大田区,来訪者,2020-03-14,275000
大田区,来訪者,2020-03-15,275000
大田区,来訪者,2020-03-16,161000
大田区,来訪者,2020-03-17,142000
大田区,来訪者,2020-03-18,277000
大田区,来訪者,2020-03-19,275000
大田区,来訪者,2020-03-20,278000
大田区,来訪者,2020-03-21,282000
大田区,来訪者,2020-03-22,174000
大田区,来訪者,2020-03-23,175000
大田区,来訪者,2020-03-24,148000
大田区,来訪者,2020-03-25,276000
大田区,来訪者,2020-03-26,278000
大田区,来訪者,2020-03-27,277000
大田区,来訪者,2020-03-28,280000
大田区,来訪者,2020-03-29,269000
大田区,来訪者,2020-03-30,150000
大田区,来訪者,2020-03-31,110000
大田区,来訪者,2020-04-01,260000
大田区,来訪者,2020-04-02,259000
世田谷区,住人,2020-03-03,881000
世田谷区,住人,2020-03-04,881000
世田谷区,住人,2020-03-05,881000
世田谷区,住人,2020-03-06,881000
世田谷区,住人,2020-03-07,881000
世田谷区,住人,2020-03-08,881000
世田谷区,住人,2020-03-09,881000
世田谷区,住人,2020-03-10,881000
世田谷区,住人,2020-03-11,881000
世田谷区,住人,2020-03-12,881000
世田谷区,住人,2020-03-13,881000
世田谷区,住人,2020-03-14,881000
世田谷区,住人,2020-03-15,881000
世田谷区,住人,2020-03-16,881000
世田谷区,住人,2020-03-17,881000
世田谷区,住人,2020-03-18,881000
世田谷区,住人,2020-03-19,881000
世田谷区,住人,2020-03-20,881000
世田谷区,住人,2020-03-21,881000
世田谷区,住人,2020-03-22,881000
世田谷区,住人,2020-03-23,881000
世田谷区,住人,2020-03-24,881000
世田谷区,住人,2020-03-25,881000
世田谷区,住人,2020-03-26,881000
世田谷区,住人,2020-03-27,881000
世田谷区,住人,2020-03-28,881000
世田谷区,住人,2020-03-29,881000
世田谷区,住人,2020-03-30,881000
世田谷区,住人,2020-03-31,881000
世田谷区,住人,2020-04-01,881000
世田谷区,住人,2020-04-02,881000
世田谷区,来訪者,2020-03-03,164000
世田谷区,来訪者,2020-03-04,279000
世田谷区,来訪者,2020-03-05,282000
世田谷区,来訪者,2020-03-06,273000
世田谷区,来訪者,2020-03-07,280000
世田谷区,来訪者,2020-03-08,288000
世田谷区,来訪者,2020-03-09,202000
世田谷区,来訪者,2020-03-10,154000
世田谷区,来訪者,2020-03-11,280000
世田谷区,来訪者,2020-03-12,277000
世田谷区,来訪者,2020-03-13,278000
世田谷区,来訪者,2020-03-14,285000
世田谷区,来訪者,2020-03-15,289000
世田谷区,来訪者,2020-03-16,196000
世田谷区,来訪者,2020-03-17,172000
世田谷区,来訪者,2020-03-18,286000
世田谷区,来訪者,2020-03-19,286000
世田谷区,来訪者,2020-03-20,287000
世田谷区,来訪者,2020-03-21,294000
世田谷区,来訪者,2020-03-22,214000
世田谷区,来訪者,2020-03-23,217000
世田谷区,来訪者,2020-03-24,178000
世田谷区,来訪者,2020-03-25,285000
世田谷区,来訪者,2020-03-26,289000
世田谷区,来訪者,2020-03-27,288000
世田谷区,来訪者,2020-03-28,290000
世田谷区,来訪者,2020-03-29,283000
世田谷区,来訪者,2020-03-30,176000
世田谷区,来訪者,2020-03-31,126000
世田谷区,来訪者,2020-04-01,272000
世田谷区,来訪者,2020-04-02,269000
渋谷区,住人,2020-03-03,214000
渋谷区,住人,2020-03-04,214000
渋谷区,住人,2020-03-05,214000
渋谷区,住人,2020-03-06,214000
渋谷区,住人,2020-03-07,214000
渋谷区,住人,2020-03-08,214000
渋谷区,住人,2020-03-09,214000
渋谷区,住人,2020-03-10,214000
渋谷区,住人,2020-03-11,214000
渋谷区,住人,2020-03-12,214000
渋谷区,住人,2020-03-13,214000
渋谷区,住人,2020-03-14,214000
渋谷区,住人,2020-03-15,214000
渋谷区,住人,2020-03-16,214000
渋谷区,住人,2020-03-17,214000
渋谷区,住人,2020-03-18,214000
渋谷区,住人,2020-03-19,214000
渋谷区,住人,2020-03-20,214000
渋谷区,住人,2020-03-21,214000
渋谷区,住人,2020-03-22,214000
渋谷区,住人,2020-03-23,214000
渋谷区,住人,2020-03-24,214000
渋谷区,住人,2020-03-25,214000
渋谷区,住人,2020-03-26,214000
渋谷区,住人,2020-03-27,214000
渋谷区,住人,2020-03-28,214000
渋谷区,住人,2020-03-29,214000
渋谷区,住人,2020-03-30,214000
渋谷区,住人,2020-03-31,214000
渋谷区,住人,2020-04-01,214000
渋谷区,住人,2020-04-02,214000
渋谷区,来訪者,2020-03-03,201000
渋谷区,来訪者,2020-03-04,470000
渋谷区,来訪者,2020-03-05,470000
渋谷区,来訪者,2020-03-06,458000
渋谷区,来訪者,2020-03-07,466000
渋谷区,来訪者,2020-03-08,469000
渋谷区,来訪者,2020-03-09,249000
渋谷区,来訪者,2020-03-10,187000
渋谷区,来訪者,2020-03-11,467000
渋谷区,来訪者,2020-03-12,462000
渋谷区,来訪者,2020-03-13,460000
渋谷区,来訪者,2020-03-14,469000
渋谷区,来訪者,2020-03-15,472000
渋谷区,来訪者,2020-03-16,243000
渋谷区,来訪者,2020-03-17,204000
渋谷区,来訪者,2020-03-18,474000
渋谷区,来訪者,2020-03-19,473000
渋谷区,来訪者,2020-03-20,469000
渋谷区,来訪者,2020-03-21,482000
渋谷区,来訪者,2020-03-22,260000
渋谷区,来訪者,2020-03-23,264000
渋谷区,来訪者,2020-03-24,212000
渋谷区,来訪者,2020-03-25,473000
渋谷区,来訪者,2020-03-26,475000
渋谷区,来訪者,2020-03-27,473000
渋谷区,来訪者,2020-03-28,471000
渋谷区,来訪者,2020-03-29,443000
渋谷区,来訪者,2020-03-30,189000
渋谷区,来訪者,2020-03-31,127000
渋谷区,来訪者,2020-04-01,430000
渋谷区,来訪者,2020-04-02,425000
中野区,住人,2020-03-03,322000
中野区,住人,2020-03-04,322000
中野区,住人,2020-03-05,322000
中野区,住人,2020-03-06,322000
中野区,住人,2020-03-07,322000
中野区,住人,2020-03-08,322000
中野区,住人,2020-03-09,322000
中野区,住人,2020-03-10,322000
中野区,住人,2020-03-11,322000
中野区,住人,2020-03-12,322000
中野区,住人,2020-03-13,322000
中野区,住人,2020-03-14,322000
中野区,住人,2020-03-15,322000
中野区,住人,2020-03-16,322000
中野区,住人,2020-03-17,322000
中野区,住人,2020-03-18,322000
中野区,住人,2020-03-19,322000
中野区,住人,2020-03-20,322000
中野区,住人,2020-03-21,322000
中野区,住人,2020-03-22,322000
中野区,住人,2020-03-23,322000
中野区,住人,2020-03-24,322000
中野区,住人,2020-03-25,322000
中野区,住人,2020-03-26,322000
中野区,住人,2020-03-27,322000
中野区,住人,2020-03-28,322000
中野区,住人,2020-03-29,322000
中野区,住人,2020-03-30,322000
中野区,住人,2020-03-31,322000
中野区,住人,2020-04-01,322000
中野区,住人,2020-04-02,322000
中野区,来訪者,2020-03-03,120000
中野区,来訪者,2020-03-04,208000
中野区,来訪者,2020-03-05,209000
中野区,来訪者,2020-03-06,202000
中野区,来訪者,2020-03-07,208000
中野区,来訪者,2020-03-08,209000
中野区,来訪者,2020-03-09,139000
中野区,来訪者,2020-03-10,113000
中野区,来訪者,2020-03-11,208000
中野区,来訪者,2020-03-12,204000
中野区,来訪者,2020-03-13,204000
中野区,来訪者,2020-03-14,207000
中野区,来訪者,2020-03-15,211000
中野区,来訪者,2020-03-16,136000
中野区,来訪者,2020-03-17,122000
中野区,来訪者,2020-03-18,209000
中野区,来訪者,2020-03-19,212000
中野区,来訪者,2020-03-20,210000
中野区,来訪者,2020-03-21,215000
中野区,来訪者,2020-03-22,144000
中野区,来訪者,2020-03-23,149000
中野区,来訪者,2020-03-24,127000
中野区,来訪者,2020-03-25,212000
中野区,来訪者,2020-03-26,214000
中野区,来訪者,2020-03-27,211000
中野区,来訪者,2020-03-28,214000
中野区,来訪者,2020-03-29,206000
中野区,来訪者,2020-03-30,122000
中野区,来訪者,2020-03-31,92600
中野区,来訪者,2020-04-01,198000
中野区,来訪者,2020-04-02,197000
杉並区,住人,2020-03-03,552000
杉並区,住人,2020-03-04,552000
杉並区,住人,2020-03-05,552000
杉並区,住人,2020-03-06,552000
杉並区,住人,2020-03-07,552000
杉並区,住人,2020-03-08,552000
杉並区,住人,2020-03-09,552000
杉並区,住人,2020-03-10,552000
杉並区,住人,2020-03-11,552000
杉並区,住人,2020-03-12,552000
杉並区,住人,2020-03-13,552000
杉並区,住人,2020-03-14,552000
杉並区,住人,2020-03-15,552000
杉並区,住人,2020-03-16,552000
杉並区,住人,2020-03-17,552000
杉並区,住人,2020-03-18,552000
杉並区,住人,2020-03-19,552000
杉並区,住人,2020-03-20,552000
杉並区,住人,2020-03-21,552000
杉並区,住人,2020-03-22,552000
杉並区,住人,2020-03-23,552000
杉並区,住人,2020-03-24,552000
杉並区,住人,2020-03-25,552000
杉並区,住人,2020-03-26,552000
杉並区,住人,2020-03-27,552000
杉並区,住人,2020-03-28,552000
杉並区,住人,2020-03-29,552000
杉並区,住人,2020-03-30,552000
杉並区,住人,2020-03-31,552000
杉並区,住人,2020-04-01,552000
杉並区,住人,2020-04-02,552000
杉並区,来訪者,2020-03-03,119000
杉並区,来訪者,2020-03-04,188000
杉並区,来訪者,2020-03-05,192000
杉並区,来訪者,2020-03-06,184000
杉並区,来訪者,2020-03-07,190000
杉並区,来訪者,2020-03-08,194000
杉並区,来訪者,2020-03-09,141000
杉並区,来訪者,2020-03-10,113000
杉並区,来訪者,2020-03-11,190000
杉並区,来訪者,2020-03-12,186000
杉並区,来訪者,2020-03-13,188000
杉並区,来訪者,2020-03-14,192000
杉並区,来訪者,2020-03-15,196000
杉並区,来訪者,2020-03-16,137000
杉並区,来訪者,2020-03-17,124000
杉並区,来訪者,2020-03-18,192000
杉並区,来訪者,2020-03-19,193000
杉並区,来訪者,2020-03-20,194000
杉並区,来訪者,2020-03-21,198000
杉並区,来訪者,2020-03-22,149000
杉並区,来訪者,2020-03-23,154000
杉並区,来訪者,2020-03-24,129000
杉並区,来訪者,2020-03-25,193000
杉並区,来訪者,2020-03-26,194000
杉並区,来訪者,2020-03-27,194000
杉並区,来訪者,2020-03-28,196000
杉並区,来訪者,2020-03-29,193000
杉並区,来訪者,2020-03-30,125000
杉並区,来訪者,2020-03-31,93300
杉並区,来訪者,2020-04-01,183000
杉並区,来訪者,2020-04-02,181000
豊島区,住人,2020-03-03,278000
豊島区,住人,2020-03-04,278000
豊島区,住人,2020-03-05,278000
豊島区,住人,2020-03-06,278000
豊島区,住人,2020-03-07,278000
豊島区,住人,2020-03-08,278000
豊島区,住人,2020-03-09,278000
豊島区,住人,2020-03-10,278000
豊島区,住人,2020-03-11,278000
豊島区,住人,2020-03-12,278000
豊島区,住人,2020-03-13,278000
豊島区,住人,2020-03-14,278000
豊島区,住人,2020-03-15,278000
豊島区,住人,2020-03-16,278000
豊島区,住人,2020-03-17,278000
豊島区,住人,2020-03-18,278000
豊島区,住人,2020-03-19,278000
豊島区,住人,2020-03-20,278000
豊島区,住人,2020-03-21,278000
豊島区,住人,2020-03-22,278000
豊島区,住人,2020-03-23,278000
豊島区,住人,2020-03-24,278000
豊島区,住人,2020-03-25,278000
豊島区,住人,2020-03-26,278000
豊島区,住人,2020-03-27,278000
豊島区,住人,2020-03-28,278000
豊島区,住人,2020-03-29,278000
豊島区,住人,2020-03-30,278000
豊島区,住人,2020-03-31,278000
豊島区,住人,2020-04-01,278000
豊島区,住人,2020-04-02,278000
豊島区,来訪者,2020-03-03,148000
豊島区,来訪者,2020-03-04,280000
豊島区,来訪者,2020-03-05,281000
豊島区,来訪者,2020-03-06,270000
豊島区,来訪者,2020-03-07,278000
豊島区,来訪者,2020-03-08,282000
豊島区,来訪者,2020-03-09,175000
豊島区,来訪者,2020-03-10,139000
豊島区,来訪者,2020-03-11,278000
豊島区,来訪者,2020-03-12,277000
豊島区,来訪者,2020-03-13,275000
豊島区,来訪者,2020-03-14,280000
豊島区,来訪者,2020-03-15,284000
豊島区,来訪者,2020-03-16,170000
豊島区,来訪者,2020-03-17,149000
豊島区,来訪者,2020-03-18,283000
豊島区,来訪者,2020-03-19,284000
豊島区,来訪者,2020-03-20,282000
豊島区,来訪者,2020-03-21,290000
豊島区,来訪者,2020-03-22,181000
豊島区,来訪者,2020-03-23,183000
豊島区,来訪者,2020-03-24,155000
豊島区,来訪者,2020-03-25,284000
豊島区,来訪者,2020-03-26,288000
豊島区,来訪者,2020-03-27,285000
豊島区,来訪者,2020-03-28,283000
豊島区,来訪者,2020-03-29,276000
豊島区,来訪者,2020-03-30,145000
豊島区,来訪者,2020-03-31,107000
豊島区,来訪者,2020-04-01,264000
豊島区,来訪者,2020-04-02,265000
北区,住人,2020-03-03,341000
北区,住人,2020-03-04,341000
北区,住人,2020-03-05,341000
北区,住人,2020-03-06,341000
北区,住人,2020-03-07,341000
北区,住人,2020-03-08,341000
北区,住人,2020-03-09,341000
北区,住人,2020-03-10,341000
北区,住人,2020-03-11,341000
北区,住人,2020-03-12,341000
北区,住人,2020-03-13,341000
北区,住人,2020-03-14,341000
北区,住人,2020-03-15,341000
北区,住人,2020-03-16,341000
北区,住人,2020-03-17,341000
北区,住人,2020-03-18,341000
北区,住人,2020-03-19,341000
北区,住人,2020-03-20,341000
北区,住人,2020-03-21,341000
北区,住人,2020-03-22,341000
北区,住人,2020-03-23,341000
北区,住人,2020-03-24,341000
北区,住人,2020-03-25,341000
北区,住人,2020-03-26,341000
北区,住人,2020-03-27,341000
北区,住人,2020-03-28,341000
北区,住人,2020-03-29,341000
北区,住人,2020-03-30,341000
北区,住人,2020-03-31,341000
北区,住人,2020-04-01,341000
北区,住人,2020-04-02,341000
北区,来訪者,2020-03-03,115000
北区,来訪者,2020-03-04,192000
北区,来訪者,2020-03-05,193000
北区,来訪者,2020-03-06,189000
北区,来訪者,2020-03-07,192000
北区,来訪者,2020-03-08,194000
北区,来訪者,2020-03-09,133000
北区,来訪者,2020-03-10,108000
北区,来訪者,2020-03-11,192000
北区,来訪者,2020-03-12,189000
北区,来訪者,2020-03-13,193000
北区,来訪者,2020-03-14,193000
北区,来訪者,2020-03-15,196000
北区,来訪者,2020-03-16,130000
北区,来訪者,2020-03-17,116000
北区,来訪者,2020-03-18,195000
北区,来訪者,2020-03-19,195000
北区,来訪者,2020-03-20,197000
北区,来訪者,2020-03-21,200000
北区,来訪者,2020-03-22,140000
北区,来訪者,2020-03-23,143000
北区,来訪者,2020-03-24,123000
北区,来訪者,2020-03-25,195000
北区,来訪者,2020-03-26,198000
北区,来訪者,2020-03-27,198000
北区,来訪者,2020-03-28,196000
北区,来訪者,2020-03-29,191000
北区,来訪者,2020-03-30,120000
北区,来訪者,2020-03-31,90000
北区,来訪者,2020-04-01,184000
北区,来訪者,2020-04-02,184000
荒川区,住人,2020-03-03,210000
荒川区,住人,2020-03-04,210000
荒川区,住人,2020-03-05,210000
荒川区,住人,2020-03-06,210000
荒川区,住人,2020-03-07,210000
荒川区,住人,2020-03-08,210000
荒川区,住人,2020-03-09,210000
荒川区,住人,2020-03-10,210000
荒川区,住人,2020-03-11,210000
荒川区,住人,2020-03-12,210000
荒川区,住人,2020-03-13,210000
荒川区,住人,2020-03-14,210000
荒川区,住人,2020-03-15,210000
荒川区,住人,2020-03-16,210000
荒川区,住人,2020-03-17,210000
荒川区,住人,2020-03-18,210000
荒川区,住人,2020-03-19,210000
荒川区,住人,2020-03-20,210000
荒川区,住人,2020-03-21,210000
荒川区,住人,2020-03-22,210000
荒川区,住人,2020-03-23,210000
荒川区,住人,2020-03-24,210000
荒川区,住人,2020-03-25,210000
荒川区,住人,2020-03-26,210000
荒川区,住人,2020-03-27,210000
荒川区,住人,2020-03-28,210000
荒川区,住人,2020-03-29,210000
荒川区,住人,2020-03-30,210000
荒川区,住人,2020-03-31,210000
荒川区,住人,2020-04-01,210000
荒川区,住人,2020-04-02,210000
荒川区,来訪者,2020-03-03,84200
荒川区,来訪者,2020-03-04,151000
荒川区,来訪者,2020-03-05,152000
荒川区,来訪者,2020-03-06,148000
荒川区,来訪者,2020-03-07,150000
荒川区,来訪者,2020-03-08,152000
荒川区,来訪者,2020-03-09,99000
荒川区,来訪者,2020-03-10,78200
荒川区,来訪者,2020-03-11,150000
荒川区,来訪者,2020-03-12,150000
荒川区,来訪者,2020-03-13,151000
荒川区,来訪者,2020-03-14,152000
荒川区,来訪者,2020-03-15,155000
荒川区,来訪者,2020-03-16,96200
荒川区,来訪者,2020-03-17,85600
荒川区,来訪者,2020-03-18,152000
荒川区,来訪者,2020-03-19,154000
荒川区,来訪者,2020-03-20,156000
荒川区,来訪者,2020-03-21,159000
荒川区,来訪者,2020-03-22,104000
荒川区,来訪者,2020-03-23,107000
荒川区,来訪者,2020-03-24,92800
荒川区,来訪者,2020-03-25,153000
荒川区,来訪者,2020-03-26,157000
荒川区,来訪者,2020-03-27,157000
荒川区,来訪者,2020-03-28,154000
荒川区,来訪者,2020-03-29,149000
荒川区,来訪者,2020-03-30,85900
荒川区,来訪者,2020-03-31,64300
荒川区,来訪者,2020-04-01,143000
荒川区,来訪者,2020-04-02,142000
板橋区,住人,2020-03-03,551000
板橋区,住人,2020-03-04,551000
板橋区,住人,2020-03-05,551000
板橋区,住人,2020-03-06,551000
板橋区,住人,2020-03-07,551000
板橋区,住人,2020-03-08,551000
板橋区,住人,2020-03-09,551000
板橋区,住人,2020-03-10,551000
板橋区,住人,2020-03-11,551000
板橋区,住人,2020-03-12,551000
板橋区,住人,2020-03-13,551000
板橋区,住人,2020-03-14,551000
板橋区,住人,2020-03-15,551000
板橋区,住人,2020-03-16,551000
板橋区,住人,2020-03-17,551000
板橋区,住人,2020-03-18,551000
板橋区,住人,2020-03-19,551000
板橋区,住人,2020-03-20,551000
板橋区,住人,2020-03-21,551000
板橋区,住人,2020-03-22,551000
板橋区,住人,2020-03-23,551000
板橋区,住人,2020-03-24,551000
板橋区,住人,2020-03-25,551000
板橋区,住人,2020-03-26,551000
板橋区,住人,2020-03-27,551000
板橋区,住人,2020-03-28,551000
板橋区,住人,2020-03-29,551000
板橋区,住人,2020-03-30,551000
板橋区,住人,2020-03-31,551000
板橋区,住人,2020-04-01,551000
板橋区,住人,2020-04-02,551000
板橋区,来訪者,2020-03-03,105000
板橋区,来訪者,2020-03-04,168000
板橋区,来訪者,2020-03-05,172000
板橋区,来訪者,2020-03-06,166000
板橋区,来訪者,2020-03-07,170000
板橋区,来訪者,2020-03-08,173000
板橋区,来訪者,2020-03-09,126000
板橋区,来訪者,2020-03-10,100000
板橋区,来訪者,2020-03-11,170000
板橋区,来訪者,2020-03-12,169000
板橋区,来訪者,2020-03-13,171000
板橋区,来訪者,2020-03-14,172000
板橋区,来訪者,2020-03-15,175000
板橋区,来訪者,2020-03-16,121000
板橋区,来訪者,2020-03-17,107000
板橋区,来訪者,2020-03-18,171000
板橋区,来訪者,2020-03-19,173000
板橋区,来訪者,2020-03-20,174000
板橋区,来訪者,2020-03-21,177000
板橋区,来訪者,2020-03-22,129000
板橋区,来訪者,2020-03-23,134000
板橋区,来訪者,2020-03-24,111000
板橋区,来訪者,2020-03-25,172000
板橋区,来訪者,2020-03-26,173000
板橋区,来訪者,2020-03-27,176000
板橋区,来訪者,2020-03-28,176000
板橋区,来訪者,2020-03-29,172000
板橋区,来訪者,2020-03-30,115000
板橋区,来訪者,2020-03-31,81900
板橋区,来訪者,2020-04-01,165000
板橋区,来訪者,2020-04-02,166000
練馬区,住人,2020-03-03,712000
練馬区,住人,2020-03-04,712000
練馬区,住人,2020-03-05,712000
練馬区,住人,2020-03-06,712000
練馬区,住人,2020-03-07,712000
練馬区,住人,2020-03-08,712000
練馬区,住人,2020-03-09,712000
練馬区,住人,2020-03-10,712000
練馬区,住人,2020-03-11,712000
練馬区,住人,2020-03-12,712000
練馬区,住人,2020-03-13,712000
練馬区,住人,2020-03-14,712000
練馬区,住人,2020-03-15,712000
練馬区,住人,2020-03-16,712000
練馬区,住人,2020-03-17,712000
練馬区,住人,2020-03-18,712000
練馬区,住人,2020-03-19,712000
練馬区,住人,2020-03-20,712000
練馬区,住人,2020-03-21,712000
練馬区,住人,2020-03-22,712000
練馬区,住人,2020-03-23,712000
練馬区,住人,2020-03-24,712000
練馬区,住人,2020-03-25,712000
練馬区,住人,2020-03-26,712000
練馬区,住人,2020-03-27,712000
練馬区,住人,2020-03-28,712000
練馬区,住人,2020-03-29,712000
練馬区,住人,2020-03-30,712000
練馬区,住人,2020-03-31,712000
練馬区,住人,2020-04-01,712000
練馬区,住人,2020-04-02,712000
練馬区,来訪者,2020-03-03,114000
練馬区,来訪者,2020-03-04,155000
練馬区,来訪者,2020-03-05,158000
練馬区,来訪者,2020-03-06,153000
練馬区,来訪者,2020-03-07,157000
練馬区,来訪者,2020-03-08,160000
練馬区,来訪者,2020-03-09,130000
練馬区,来訪者,2020-03-10,107000
練馬区,来訪者,2020-03-11,157000
練馬区,来訪者,2020-03-12,155000
練馬区,来訪者,2020-03-13,156000
練馬区,来訪者,2020-03-14,158000
練馬区,来訪者,2020-03-15,162000
練馬区,来訪者,2020-03-16,125000
練馬区,来訪者,2020-03-17,116000
練馬区,来訪者,2020-03-18,160000
練馬区,来訪者,2020-03-19,160000
練馬区,来訪者,2020-03-20,160000
練馬区,来訪者,2020-03-21,163000
練馬区,来訪者,2020-03-22,133000
練馬区,来訪者,2020-03-23,139000
練馬区,来訪者,2020-03-24,121000
練馬区,来訪者,2020-03-25,159000
練馬区,来訪者,2020-03-26,160000
練馬区,来訪者,2020-03-27,161000
練馬区,来訪者,2020-03-28,162000
練馬区,来訪者,2020-03-29,160000
練馬区,来訪者,2020-03-30,119000
練馬区,来訪者,2020-03-31,89800
練馬区,来訪者,2020-04-01,154000
練馬区,来訪者,2020-04-02,154000
足立区,住人,2020-03-03,671000
足立区,住人,2020-03-04,671000
足立区,住人,2020-03-05,671000
足立区,住人,2020-03-06,671000
足立区,住人,2020-03-07,671000
足立区,住人,2020-03-08,671000
足立区,住人,2020-03-09,671000
足立区,住人,2020-03-10,671000
足立区,住人,2020-03-11,671000
足立区,住人,2020-03-12,671000
足立区,住人,2020-03-13,671000
足立区,住人,2020-03-14,671000
足立区,住人,2020-03-15,671000
足立区,住人,2020-03-16,671000
足立区,住人,2020-03-17,671000
足立区,住人,2020-03-18,671000
足立区,住人,2020-03-19,671000
足立区,住人,2020-03-20,671000
足立区,住人,2020-03-21,671000
足立区,住人,2020-03-22,671000
足立区,住人,2020-03-23,671000
足立区,住人,2020-03-24,671000
足立区,住人,2020-03-25,671000
足立区,住人,2020-03-26,671000
足立区,住人,2020-03-27,671000
足立区,住人,2020-03-28,671000
足立区,住人,2020-03-29,671000
足立区,住人,2020-03-30,671000
足立区,住人,2020-03-31,671000
足立区,住人,2020-04-01,671000
足立区,住人,2020-04-02,671000
足立区,来訪者,2020-03-03,130000
足立区,来訪者,2020-03-04,203000
足立区,来訪者,2020-03-05,205000
足立区,来訪者,2020-03-06,198000
足立区,来訪者,2020-03-07,203000
足立区,来訪者,2020-03-08,206000
足立区,来訪者,2020-03-09,150000
足立区,来訪者,2020-03-10,121000
足立区,来訪者,2020-03-11,203000
足立区,来訪者,2020-03-12,201000
足立区,来訪者,2020-03-13,203000
足立区,来訪者,2020-03-14,204000
足立区,来訪者,2020-03-15,209000
足立区,来訪者,2020-03-16,146000
足立区,来訪者,2020-03-17,133000
足立区,来訪者,2020-03-18,206000
足立区,来訪者,2020-03-19,206000
足立区,来訪者,2020-03-20,207000
足立区,来訪者,2020-03-21,212000
足立区,来訪者,2020-03-22,157000
足立区,来訪者,2020-03-23,162000
足立区,来訪者,2020-03-24,139000
足立区,来訪者,2020-03-25,206000
足立区,来訪者,2020-03-26,209000
足立区,来訪者,2020-03-27,210000
足立区,来訪者,2020-03-28,209000
足立区,来訪者,2020-03-29,203000
足立区,来訪者,2020-03-30,136000
足立区,来訪者,2020-03-31,101000
足立区,来訪者,2020-04-01,196000
足立区,来訪者,2020-04-02,195000
葛飾区,住人,2020-03-03,451000
葛飾区,住人,2020-03-04,451000
葛飾区,住人,2020-03-05,451000
葛飾区,住人,2020-03-06,451000
葛飾区,住人,2020-03-07,451000
葛飾区,住人,2020-03-08,451000
葛飾区,住人,2020-03-09,451000
葛飾区,住人,2020-03-10,451000
葛飾区,住人,2020-03-11,451000
葛飾区,住人,2020-03-12,451000
葛飾区,住人,2020-03-13,451000
葛飾区,住人,2020-03-14,451000
葛飾区,住人,2020-03-15,451000
葛飾区,住人,2020-03-16,451000
葛飾区,住人,2020-03-17,451000
葛飾区,住人,2020-03-18,451000
葛飾区,住人,2020-03-19,451000
葛飾区,住人,2020-03-20,451000
葛飾区,住人,2020-03-21,451000
葛飾区,住人,2020-03-22,451000
葛飾区,住人,2020-03-23,451000
葛飾区,住人,2020-03-24,451000
葛飾区,住人,2020-03-25,451000
葛飾区,住人,2020-03-26,451000
葛飾区,住人,2020-03-27,451000
葛飾区,住人,2020-03-28,451000
葛飾区,住人,2020-03-29,451000
葛飾区,住人,2020-03-30,451000
葛飾区,住人,2020-03-31,451000
葛飾区,住人,2020-04-01,451000
葛飾区,住人,2020-04-02,451000
葛飾区,来訪者,2020-03-03,94100
葛飾区,来訪者,2020-03-04,145000
葛飾区,来訪者,2020-03-05,147000
葛飾区,来訪者,2020-03-06,142000
葛飾区,来訪者,2020-03-07,145000
葛飾区,来訪者,2020-03-08,147000
葛飾区,来訪者,2020-03-09,109000
葛飾区,来訪者,2020-03-10,87200
葛飾区,来訪者,2020-03-11,147000
葛飾区,来訪者,2020-03-12,145000
葛飾区,来訪者,2020-03-13,146000
葛飾区,来訪者,2020-03-14,146000
葛飾区,来訪者,2020-03-15,150000
葛飾区,来訪者,2020-03-16,104000
葛飾区,来訪者,2020-03-17,97700
葛飾区,来訪者,2020-03-18,148000
葛飾区,来訪者,2020-03-19,148000
葛飾区,来訪者,2020-03-20,150000
葛飾区,来訪者,2020-03-21,153000
葛飾区,来訪者,2020-03-22,114000
葛飾区,来訪者,2020-03-23,118000
葛飾区,来訪者,2020-03-24,101000
葛飾区,来訪者,2020-03-25,148000
葛飾区,来訪者,2020-03-26,149000
葛飾区,来訪者,2020-03-27,150000
葛飾区,来訪者,2020-03-28,149000
葛飾区,来訪者,2020-03-29,145000
葛飾区,来訪者,2020-03-30,96900
葛飾区,来訪者,2020-03-31,72500
葛飾区,来訪者,2020-04-01,140000
葛飾区,来訪者,2020-04-02,138000
江戸川区,住人,2020-03-03,680000
江戸川区,住人,2020-03-04,680000
江戸川区,住人,2020-03-05,680000
江戸川区,住人,2020-03-06,680000
江戸川区,住人,2020-03-07,680000
江戸川区,住人,2020-03-08,680000
江戸川区,住人,2020-03-09,680000
江戸川区,住人,2020-03-10,680000
江戸川区,住人,2020-03-11,680000
江戸川区,住人,2020-03-12,680000
江戸川区,住人,2020-03-13,680000
江戸川区,住人,2020-03-14,680000
江戸川区,住人,2020-03-15,680000
江戸川区,住人,2020-03-16,680000
江戸川区,住人,2020-03-17,680000
江戸川区,住人,2020-03-18,680000
江戸川区,住人,2020-03-19,680000
江戸川区,住人,2020-03-20,680000
江戸川区,住人,2020-03-21,680000
江戸川区,住人,2020-03-22,680000
江戸川区,住人,2020-03-23,680000
江戸川区,住人,2020-03-24,680000
江戸川区,住人,2020-03-25,680000
江戸川区,住人,2020-03-26,680000
江戸川区,住人,2020-03-27,680000
江戸川区,住人,2020-03-28,680000
江戸川区,住人,2020-03-29,680000
江戸川区,住人,2020-03-30,680000
江戸川区,住人,2020-03-31,680000
江戸川区,住人,2020-04-01,680000
江戸川区,住人,2020-04-02,680000
江戸川区,来訪者,2020-03-03,110000
江戸川区,来訪者,2020-03-04,174000
江戸川区,来訪者,2020-03-05,176000
江戸川区,来訪者,2020-03-06,171000
江戸川区,来訪者,2020-03-07,174000
江戸川区,来訪者,2020-03-08,176000
江戸川区,来訪者,2020-03-09,127000
江戸川区,来訪者,2020-03-10,103000
江戸川区,来訪者,2020-03-11,175000
江戸川区,来訪者,2020-03-12,172000
江戸川区,来訪者,2020-03-13,175000
江戸川区,来訪者,2020-03-14,177000
江戸川区,来訪者,2020-03-15,179000
江戸川区,来訪者,2020-03-16,122000
江戸川区,来訪者,2020-03-17,114000
江戸川区,来訪者,2020-03-18,178000
江戸川区,来訪者,2020-03-19,176000
江戸川区,来訪者,2020-03-20,177000
江戸川区,来訪者,2020-03-21,179000
江戸川区,来訪者,2020-03-22,129000
江戸川区,来訪者,2020-03-23,135000
江戸川区,来訪者,2020-03-24,117000
江戸川区,来訪者,2020-03-25,177000
江戸川区,来訪者,2020-03-26,177000
江戸川区,来訪者,2020-03-27,178000
江戸川区,来訪者,2020-03-28,178000
江戸川区,来訪者,2020-03-29,174000
江戸川区,来訪者,2020-03-30,116000
江戸川区,来訪者,2020-03-31,88800
江戸川区,来訪者,2020-04-01,168000
江戸川区,来訪者,2020-04-02,167000
千代田区,住人,2020-04-03,56200
千代田区,住人,2020-04-04,56200
千代田区,来訪者,2020-04-03,764000
千代田区,来訪者,2020-04-04,747000
中央区,住人,2020-04-03,153000
中央区,住人,2020-04-04,153000
中央区,来訪者,2020-04-03,549000
中央区,来訪者,2020-04-04,539000
港区,住人,2020-04-03,240000
港区,住人,2020-04-04,240000
港区,来訪者,2020-04-03,686000
港区,来訪者,2020-04-04,669000
新宿区,住人,2020-04-03,327000
新宿区,住人,2020-04-04,327000
新宿区,来訪者,2020-04-03,536000
新宿区,来訪者,2020-04-04,531000
文京区,住人,2020-04-03,212000
文京区,住人,2020-04-04,212000
文京区,来訪者,2020-04-03,309000
文京区,来訪者,2020-04-04,307000
台東区,住人,2020-04-03,190000
台東区,住人,2020-04-04,190000
台東区,来訪者,2020-04-03,243000
台東区,来訪者,2020-04-04,243000
墨田区,住人,2020-04-03,262000
墨田区,住人,2020-04-04,262000
墨田区,来訪者,2020-04-03,175000
墨田区,来訪者,2020-04-04,177000
江東区,住人,2020-04-03,501000
江東区,住人,2020-04-04,501000
江東区,来訪者,2020-04-03,305000
江東区,来訪者,2020-04-04,308000
品川区,住人,2020-04-03,380000
品川区,住人,2020-04-04,380000
品川区,来訪者,2020-04-03,301000
品川区,来訪者,2020-04-04,297000
目黒区,住人,2020-04-03,269000
目黒区,住人,2020-04-04,269000
目黒区,来訪者,2020-04-03,183000
目黒区,来訪者,2020-04-04,188000
大田区,住人,2020-04-03,707000
大田区,住人,2020-04-04,707000
大田区,来訪者,2020-04-03,246000
大田区,来訪者,2020-04-04,249000
世田谷区,住人,2020-04-03,880000
世田谷区,住人,2020-04-04,880000
世田谷区,来訪者,2020-04-03,255000
世田谷区,来訪者,2020-04-04,263000
渋谷区,住人,2020-04-03,214000
渋谷区,住人,2020-04-04,214000
渋谷区,来訪者,2020-04-03,406000
渋谷区,来訪者,2020-04-04,404000
中野区,住人,2020-04-03,321000
中野区,住人,2020-04-04,321000
中野区,来訪者,2020-04-03,185000
中野区,来訪者,2020-04-04,189000
杉並区,住人,2020-04-03,551000
杉並区,住人,2020-04-04,551000
杉並区,来訪者,2020-04-03,170000
杉並区,来訪者,2020-04-04,175000
豊島区,住人,2020-04-03,278000
豊島区,住人,2020-04-04,278000
豊島区,来訪者,2020-04-03,254000
豊島区,来訪者,2020-04-04,255000
北区,住人,2020-04-03,341000
北区,住人,2020-04-04,341000
北区,来訪者,2020-04-03,176000
北区,来訪者,2020-04-04,178000
荒川区,住人,2020-04-03,209000
荒川区,住人,2020-04-04,209000
荒川区,来訪者,2020-04-03,136000
荒川区,来訪者,2020-04-04,137000
板橋区,住人,2020-04-03,550000
板橋区,住人,2020-04-04,550000
板橋区,来訪者,2020-04-03,158000
板橋区,来訪者,2020-04-04,160000
練馬区,住人,2020-04-03,711000
練馬区,住人,2020-04-04,711000
練馬区,来訪者,2020-04-03,144000
練馬区,来訪者,2020-04-04,149000
足立区,住人,2020-04-03,670000
足立区,住人,2020-04-04,670000
足立区,来訪者,2020-04-03,186000
足立区,来訪者,2020-04-04,190000
葛飾区,住人,2020-04-03,451000
葛飾区,住人,2020-04-04,451000
葛飾区,来訪者,2020-04-03,132000
葛飾区,来訪者,2020-04-04,135000
江戸川区,住人,2020-04-03,678000
江戸川区,住人,2020-04-04,678000
江戸川区,来訪者,2020-04-03,160000
江戸川区,来訪者,2020-04-04,163000
